Sample,Elapsed_s,X_m,Y_m,Heading_deg,Command_X,Command_Y,Command_Z,LidarLocalizationValid
1,0.2029999999795109,0.0,-0.0,0.0,0.0,0.0,0.0,True
2,0.3119999999762513,0.0,-0.0,0.0,0.0,0.0,0.0,True
3,0.4220000000204891,0.0,-0.0,0.0,0.0,0.0,0.0,True
4,0.5310000000172295,0.0,-0.0,-0.0099945068359375,0.0,0.0,0.0,True
5,0.6410000000032596,0.0,-0.0,-0.0099945068359375,0.0,0.0,0.0,True
6,0.7810000000172295,0.0,-0.0,-0.0099945068359375,0.0,0.0,0.0,True
7,0.8910000000032596,0.0,-0.0,0.0,0.0,0.0,0.0,True
8,1.0,0.0,-0.0,0.0,0.0,0.0,0.0,True
9,1.1089999999967404,0.0,-0.0,-0.0099945068359375,0.0,0.0,0.0,True
10,1.2189999999827705,0.0,-0.0,-0.0200042724609375,0.0,0.0,0.0,True
11,1.327999999979511,0.0,-0.0,-0.0099945068359375,0.0,0.0,0.0,True
12,1.4369999999762513,0.0,-0.0,-0.0099945068359375,0.0,0.0,0.0,True
13,1.547000000020489,0.0,-0.0,-0.029998779296875,0.0,0.0,0.0,True
14,1.6560000000172295,0.0,-0.0,-0.029998779296875,0.0,0.0,0.0,True
15,1.7810000000172295,0.0,-0.0,-0.0200042724609375,0.0,0.0,0.0,True
16,1.875,0.0,-0.0,-0.0200042724609375,0.0,0.0,0.0,True
17,1.9839999999967404,0.0,-0.0,-0.029998779296875,0.0,0.0,0.0,True
18,2.0939999999827705,0.0,-0.0,-0.0399932861328125,0.0,0.0,0.0,True
19,2.202999999979511,0.0,-0.0,-0.029998779296875,0.0,0.25,0.0,True
20,2.327999999979511,0.0,-0.0,-0.029998779296875,0.0,0.25,0.0,True
21,2.4369999999762513,0.007196594121509567,-0.0003018486207267948,0.57000732421875,0.0,0.25,0.0,True
22,2.547000000020489,0.029613564531443235,-0.0018718160578354954,0.779998779296875,0.0,0.25,0.0,True
23,2.6560000000172295,0.04172679144540853,-0.0023838496747392345,0.8000030517578125,0.0,0.25,0.0,True
24,2.7660000000032596,0.05263973579855657,-0.002889574267683555,0.8300018310546875,0.0,0.25,0.0,True
25,2.875,0.06498926549882288,-0.0035697171487310167,0.9799957275390625,0.0,0.25,0.0,True
26,2.9839999999967404,0.07841902166595133,-0.004220269008080113,1.040008544921875,0.0,0.25,0.0,True
27,3.0939999999827705,0.09040565848602634,-0.005000343964001764,1.100006103515625,0.0,0.25,0.0,True
28,3.202999999979511,0.10045731691786951,-0.005234597101132308,1.279998779296875,0.0,0.25,0.0,True
29,3.327999999979511,0.11950399630617983,-0.0060673967551816005,1.4199981689453125,0.0,0.25,0.0,True
30,3.452999999979511,0.12779873866203545,-0.005571436095530315,1.4900054931640625,0.0,0.25,0.0,True
31,3.6560000000172295,0.1527115402854938,-0.007623486487489746,1.6300048828125,0.0,0.25,0.0,True
32,3.7810000000172295,0.16516846113034858,-0.008549043060997,1.75,0.0,0.25,0.0,True
33,3.8910000000032596,0.17589218752757427,-0.009007102691476063,1.779998779296875,0.0,0.25,0.0,True
34,3.9839999999967404,0.1850899571281867,-0.009733816562322847,1.8899993896484375,0.0,0.25,0.0,True
35,4.10899999999674,0.1935308255085886,-0.010141812874098264,2.0099945068359375,0.0,0.25,0.0,True
36,4.25,0.21616623551977787,-0.011930587443491942,2.1999969482421875,0.0,0.25,0.0,True
37,4.35899999999674,0.22800590351624492,-0.013161957226720956,2.30999755859375,0.0,0.25,0.0,True
38,4.4689999999827705,0.23924133647761683,-0.013992909946154476,2.3600006103515625,0.0,0.25,0.0,True
39,4.577999999979511,0.24978269451127508,-0.014904770497236814,2.4499969482421875,0.0,0.25,0.0,True
40,4.686999999976251,0.26318461916986113,-0.016045745833150177,2.4900054931640625,0.0,0.25,0.0,True
41,4.797000000020489,0.2749202863769755,-0.016838222914209045,2.5200042724609375,0.0,0.25,0.0,True
42,4.9060000000172295,0.28637846312525383,-0.0175990314058901,2.57000732421875,0.0,0.25,0.0,True
43,5.0310000000172295,0.29679270307916306,-0.018642594331192513,2.720001220703125,0.0,0.25,0.0,True
44,5.14100000000326,0.3170713316195561,-0.019705932598024972,2.7400054931640625,0.0,0.25,0.0,True
45,5.25,0.32392476796807046,-0.020748506095908927,2.8899993896484375,0.0,0.25,0.0,True
46,5.35899999999674,0.33601111592692434,-0.02170454256004367,2.8800048828125,0.0,0.25,0.0,True
47,5.4689999999827705,0.348213009269061,-0.022744898684486547,2.9499969482421875,0.0,0.25,0.0,True
48,5.577999999979511,0.35972741441997436,-0.02376613325733943,3.0800018310546875,0.0,0.25,0.0,True
49,5.686999999976251,0.3691268628721586,-0.024678876696321256,3.1300048828125,0.0,0.25,0.0,True
50,5.797000000020489,0.37756595590138964,-0.0256316301581124,3.1800079345703125,0.0,0.25,0.0,True
51,5.89100000000326,0.3863788779413515,-0.02631225906844342,3.2700042724609375,0.0,0.25,0.0,True
52,6.01600000000326,0.39396604214287595,-0.027525554602404276,3.4000091552734375,0.0,0.25,0.0,True
53,6.125,0.40615837104560754,-0.028672801423125973,3.4499969482421875,0.0,0.25,0.0,True
54,6.23399999999674,0.4184651278613429,-0.029906691620498665,3.4199981689453125,0.0,0.25,0.0,True
55,6.39100000000326,0.43640619475321984,-0.030756226919643363,3.69000244140625,0.0,0.25,0.0,True
56,6.625,0.45255682037838196,-0.03149363869433317,3.910003662109375,0.0,0.25,0.0,True
57,6.75,0.47727116709323497,-0.03413682369301701,4.1199951171875,0.0,0.25,0.0,True
58,6.85899999999674,0.4898965580486763,-0.035888802363680895,4.1699981689453125,0.0,0.25,0.0,True
59,6.9689999999827705,0.5015851643899362,-0.0372759737213803,4.30999755859375,0.0,0.25,0.0,True
60,7.10899999999674,0.5097525736707978,-0.03823240127589631,4.3600006103515625,0.0,0.25,0.0,True
61,7.25,0.5257150299585908,-0.04021303715270609,4.4900054931640625,0.0,0.25,0.0,True
62,7.39100000000326,0.5374949370328113,-0.04192128166571308,4.6300048828125,0.0,0.25,0.0,True
63,7.5,0.5493072055952318,-0.04322716342979678,4.6999969482421875,0.0,0.25,0.0,True
64,7.60899999999674,0.5607397762040122,-0.04474159522477669,4.8800048828125,0.0,0.25,0.0,True
65,7.7189999999827705,0.5722820465588966,-0.046364506384717834,5.0099945068359375,0.0,0.25,0.0,True
66,7.8439999999827705,0.5892028973967814,-0.048219632881694126,5.089996337890625,0.0,0.25,0.0,True
67,7.952999999979511,0.5956860192313963,-0.04873365686197612,5.1300048828125,0.0,0.25,0.0,True
68,8.061999999976251,0.6070335111470901,-0.04982088682698498,5.1300048828125,0.0,0.25,0.0,True
69,8.186999999976251,0.6211867842663624,-0.05185869733832001,5.1699981689453125,0.0,0.25,0.0,True
70,8.327999999979511,0.6318770861237519,-0.05264675201394768,5.25,0.0,0.25,0.0,True
71,8.436999999976251,0.6440393941376689,-0.054043554747523787,5.279998779296875,0.0,0.25,0.0,True
72,8.561999999976251,0.6603590528451572,-0.05488028732212491,5.4300079345703125,0.0,0.25,0.0,True
73,8.65600000001723,0.6647353515746456,-0.05429727059454039,5.4499969482421875,0.0,0.25,0.0,True
74,8.797000000020489,0.6703895072911024,-0.05418140459496396,5.470001220703125,0.0,0.25,0.0,True
75,8.98399999999674,0.6950678952538152,-0.05703506242746102,5.4799957275390625,0.0,0.25,0.0,True
76,9.202999999979511,0.716233454179473,-0.060447104617939576,5.6399993896484375,0.0,0.25,0.0,True
77,9.311999999976251,0.7217681763539784,-0.06103827681065939,5.5500030517578125,0.0,0.25,0.0,True
78,9.422000000020489,0.7217681763539784,-0.06103827681065939,5.5500030517578125,0.0,0.25,0.0,True
79,9.53100000001723,0.7447525290404464,-0.06393867174439344,5.7400054931640625,0.0,0.25,0.0,True
80,9.64100000000326,0.7581948485752183,-0.0657787494472996,5.7400054931640625,0.0,0.25,0.0,True
81,9.75,0.7797718143513137,-0.06864399347755103,5.9300079345703125,0.0,0.25,0.0,True
82,9.85899999999674,0.7848237539189199,-0.06866777992309307,5.8600006103515625,0.0,0.25,0.0,True
83,9.96899999998277,0.7905822717289474,-0.06857678249749452,5.9300079345703125,0.0,0.25,0.0,True
84,10.077999999979511,0.7957598652214559,-0.0692419470189962,6.05999755859375,0.0,0.25,0.0,True
85,10.172000000020489,0.8080134646176714,-0.07089020091088541,6.0500030517578125,0.0,0.25,0.0,True
86,10.28100000001723,0.8214450104414114,-0.07280733867113583,6.05999755859375,0.0,0.25,0.0,True
87,10.39100000000326,0.8311651100661275,-0.07422303049523093,6.2100067138671875,0.0,0.25,0.0,True
88,10.51600000000326,0.8432862297440191,-0.07596875164147128,6.2299957275390625,0.0,0.25,0.0,True
89,10.60899999999674,0.8450424287424138,-0.07634391179639917,6.290008544921875,0.0,0.25,0.0,True
90,10.71899999998277,0.850507041495399,-0.07690231282134913,6.350006103515625,0.0,0.25,0.0,True
91,10.827999999979511,0.8614320594217221,-0.07853967576704814,6.3800048828125,0.0,0.25,0.0,True
92,10.936999999976251,0.8748673608022173,-0.08039854166466942,6.44000244140625,0.0,0.25,0.0,True
93,11.03100000001723,0.8876173839476801,-0.08190981996351676,6.4900054931640625,0.0,0.25,0.0,True
94,11.14100000000326,0.906883221107084,-0.08440091806738056,6.4900054931640625,0.0,0.25,0.0,True
95,11.25,0.9148504868440267,-0.08538466808807678,6.5200042724609375,0.0,0.25,0.0,True
96,11.35899999999674,0.9218345627262511,-0.08633197594559414,6.5099945068359375,0.0,0.25,0.0,True
97,11.547000000020489,0.946457517589376,-0.0896309112634469,6.5500030517578125,0.0,0.25,0.0,True
98,11.702999999979511,0.9552001940587349,-0.09079068575769846,6.5200042724609375,0.0,0.25,0.0,True
99,11.811999999976251,0.9673291167987352,-0.09245287305162003,6.5200042724609375,0.0,0.25,0.0,True
100,11.936999999976251,0.9739134211921374,-0.09336985210895823,6.589996337890625,0.0,0.25,0.0,True
101,12.047000000020489,0.9908550846478905,-0.09582206265163877,6.600006103515625,0.0,0.25,0.0,True
102,12.15600000001723,1.0033306435497247,-0.09761536865251183,6.660003662109375,0.0,0.25,0.0,True
103,12.26600000000326,1.0148337349116046,-0.09912713005292106,6.660003662109375,0.0,0.25,0.0,True
104,12.375,1.0244920399285966,-0.10010628146162025,6.7299957275390625,0.0,0.25,0.0,True
105,12.46899999998277,1.0333310219878462,-0.10181272413426548,6.75,0.0,0.25,0.0,True
106,12.577999999979511,1.039563264863442,-0.10256396262279543,6.75,0.0,0.25,0.0,True
107,12.686999999976251,1.0532238114640202,-0.10454120649992506,6.839996337890625,0.0,0.25,0.0,True
108,12.797000000020489,1.0655645928123336,-0.10644013549712081,6.839996337890625,0.0,0.25,0.0,True
109,12.90600000001723,1.0769332889563243,-0.10806043220989554,6.8000030517578125,0.0,0.25,0.0,True
110,13.01600000000326,1.0896565261955522,-0.10979300670250666,6.8899993896484375,0.0,0.25,0.0,True
111,13.125,1.0990629608496978,-0.11109171386289536,6.9900054931640625,0.0,0.25,0.0,True
112,13.25,1.1164128119122716,-0.1129320633746997,6.9600067138671875,0.0,0.25,0.0,True
113,13.375,1.1236775129465322,-0.11398509872921692,7.0500030517578125,0.0,0.25,0.0,True
114,13.561999999976251,1.1500677618928992,-0.117634017319411,6.8899993896484375,0.0,0.25,0.0,True
115,13.672000000020489,1.1588830964983048,-0.11911219537838735,7.0200042724609375,0.0,0.25,0.0,True
116,13.78100000001723,1.1656383660324516,-0.12023813230293263,6.970001220703125,0.0,0.25,0.0,True
117,13.89100000000326,1.1720007410541613,-0.12121409537178875,6.8899993896484375,0.0,0.25,0.0,True
118,14.0,1.184592314998582,-0.12302906062762226,7.0500030517578125,0.0,0.25,0.0,True
119,14.10899999999674,1.185405073414443,-0.12291656188053245,7.0200042724609375,0.0,0.25,0.0,True
120,14.21899999998277,1.1996293507166187,-0.1252195111765124,6.9300079345703125,0.0,0.25,0.0,True
121,14.34399999998277,1.2229835697789584,-0.1287249800207934,6.9799957275390625,0.0,0.25,0.0,True
122,14.452999999979511,1.2325927626783033,-0.13033737008334517,7.0,0.0,0.25,0.0,True
123,14.577999999979511,1.2399314028976933,-0.13184221935095317,7.0,0.0,0.25,0.0,True
124,14.686999999976251,1.2482013278674269,-0.13354190784396525,6.9799957275390625,0.0,0.25,0.0,True
125,14.78100000001723,1.260536740259111,-0.13547543738019524,7.0099945068359375,0.0,0.25,0.0,True
126,14.90600000001723,1.2727947706173552,-0.1370540028074052,7.040008544921875,0.0,0.25,0.0,True
127,15.01600000000326,1.2850172118170935,-0.138919562985428,7.0800018310546875,0.0,0.25,0.0,True
128,15.125,1.2968903280484445,-0.14067647369177774,7.089996337890625,0.0,0.25,0.0,True
129,15.21899999998277,1.3061974204269085,-0.14235028988335888,7.1300048828125,0.0,0.0,0.0,True
130,15.34399999998277,1.3137121945057755,-0.14413952472239563,7.2100067138671875,0.0,0.0,0.0,True
131,15.452999999979511,1.3137121945057755,-0.14413952472239563,7.19000244140625,0.0,0.0,0.0,True
132,15.561999999976251,1.3137121945057755,-0.14413952472239563,7.0500030517578125,0.0,0.0,0.0,True
133,15.672000000020489,1.3137121945057755,-0.14413952472239563,7.0500030517578125,0.0,0.0,0.0,True
134,15.76600000000326,1.3137121945057755,-0.14413952472239563,7.0500030517578125,0.0,0.0,0.0,True
135,15.90600000001723,1.3137121945057755,-0.14413952472239563,7.0500030517578125,0.0,0.0,0.0,True
136,16.06199999997625,1.3137121945057755,-0.14413952472239563,7.040008544921875,0.0,0.0,0.0,True
137,16.17200000002049,1.3137121945057755,-0.14413952472239563,7.040008544921875,-0.25,0.0,0.0,True
138,16.28100000001723,1.3137121945057755,-0.14413952472239563,7.2100067138671875,-0.25,0.0,0.0,True
139,16.39100000000326,1.3134439546348058,-0.14533793713862903,6.9300079345703125,-0.25,0.0,0.0,True
140,16.5,1.3133013119489403,-0.14863672913372084,6.4300079345703125,-0.25,0.0,0.0,True
141,16.65600000001723,1.3126552823975663,-0.15806664741210008,5.9799957275390625,-0.25,0.0,0.0,True
142,16.76600000000326,1.3112448803352978,-0.16461771896113125,6.0099945068359375,-0.25,0.0,0.0,True
143,16.875,1.3109492177568882,-0.17080897300389353,6.160003662109375,-0.25,0.0,0.0,True
144,16.98399999999674,1.310894804034771,-0.17688735862290536,6.1800079345703125,-0.25,0.0,0.0,True
145,17.09399999998277,1.3091155851940586,-0.18265197625909643,6.1100006103515625,-0.25,0.0,0.0,True
146,17.20299999997951,1.3070315255830414,-0.187940250530754,6.100006103515625,-0.25,0.0,0.0,True
147,17.31199999997625,1.3066086937747061,-0.19421455883950262,5.9600067138671875,-0.25,0.0,0.0,True
148,17.42200000002049,1.3066177257595655,-0.19998045239017048,5.82000732421875,-0.25,0.0,0.0,True
149,17.53100000001723,1.307000007090821,-0.20581428883119243,5.6800079345703125,-0.25,0.0,0.0,True
150,17.64100000000326,1.306466379349695,-0.2122849516725407,5.8300018310546875,-0.25,0.0,0.0,True
151,17.75,1.3054434278234353,-0.2197768046838738,6.0200042724609375,-0.25,0.0,0.0,True
152,17.85899999999674,1.3034737853678287,-0.23038276399106816,6.040008544921875,-0.25,0.0,0.0,True
153,17.96899999998277,1.303697479501746,-0.2362479970341894,6.089996337890625,-0.25,0.0,0.0,True
154,18.09399999998277,1.3036239955813405,-0.24480208983476517,6.1800079345703125,-0.25,0.0,0.0,True
155,18.20299999997951,1.3033807610256753,-0.2514773713219859,6.1699981689453125,-0.25,0.0,0.0,True
156,18.31199999997625,1.3031535087391781,-0.25610063104433856,6.0,-0.25,0.0,0.0,True
157,18.42200000002049,1.3024623509705198,-0.2607106341525068,5.8300018310546875,-0.25,0.0,0.0,True
158,18.53100000001723,1.3024387940653706,-0.2669172160626798,5.779998779296875,-0.25,0.0,0.0,True
159,18.64100000000326,1.302177296103768,-0.2741721276400805,5.94000244140625,-0.25,0.0,0.0,True
160,18.73399999999674,1.3012472269180753,-0.2808113343042999,5.9600067138671875,-0.25,0.0,0.0,True
161,18.85899999999674,1.3001974984294924,-0.29319886867688855,5.8600006103515625,0.0,0.0,0.0,True
162,18.98399999999674,1.3001974984294924,-0.29319886867688855,5.9799957275390625,0.0,0.0,0.0,True
163,19.09399999998277,1.3001974984294924,-0.29319886867688855,6.0099945068359375,0.0,0.0,0.0,True
164,19.20299999997951,1.3001974984294924,-0.29319886867688855,6.0099945068359375,0.0,0.0,0.0,True
165,19.31199999997625,1.3001974984294924,-0.29319886867688855,6.0099945068359375,0.0,0.0,-0.15,True
166,19.42200000002049,1.3001974984294924,-0.29319886867688855,5.9300079345703125,0.0,0.0,-0.15,True
167,19.53100000001723,1.3001974984294924,-0.29319886867688855,3.839996337890625,0.0,0.0,0.0,True
168,19.64100000000326,1.3001974984294924,-0.29319886867688855,0.8699951171875,0.0,0.0,0.0,True
169,19.76600000000326,1.3001974984294924,-0.29319886867688855,0.19000244140625,0.0,0.0,0.0,True
170,19.89100000000326,1.3001974984294924,-0.29319886867688855,0.19000244140625,0.0,0.0,0.0,True
171,20.03100000001723,1.3001974984294924,-0.29319886867688855,0.1800079345703125,0.0,0.25,0.0,True
172,20.15600000001723,1.3033173289342106,-0.2938909470922071,-0.17999267578125,0.0,0.25,0.0,True
173,20.26600000000326,1.3132796319700888,-0.2943062632481385,-0.30999755859375,0.0,0.25,0.0,True
174,20.39100000000326,1.3242770124560697,-0.294200819067481,-0.3600006103515625,0.0,0.25,0.0,True
175,20.51600000000326,1.3367562198676926,-0.29425658860449155,-0.4799957275390625,0.0,0.25,0.0,True
176,20.625,1.3504357605653803,-0.29430305771729237,-0.3600006103515625,0.0,0.25,0.0,True
177,20.73399999999674,1.3629156470092936,-0.29436053018206376,-0.3800048828125,0.0,0.25,0.0,True
178,20.84399999998277,1.3757572664296944,-0.2946082119633394,-0.5500030517578125,0.0,0.25,0.0,True
179,20.95299999997951,1.3862725627520223,-0.29458923395622383,-0.3899993896484375,0.0,0.25,0.0,True
180,21.06199999997625,1.4042151495628112,-0.29495902564381654,-0.42999267578125,0.0,0.25,0.0,True
181,21.17200000002049,1.415733895317181,-0.29484362347720716,-0.649993896484375,0.0,0.25,0.0,True
182,21.28100000001723,1.42749488262457,-0.2950000524332304,-0.470001220703125,0.0,0.25,0.0,True
183,21.46899999998277,1.451049599435865,-0.2947728596485141,-0.529998779296875,0.0,0.25,0.0,True
184,21.57799999997951,1.4640143230268872,-0.29535384585196073,-0.4799957275390625,0.0,0.25,0.0,True
185,21.71899999998277,1.4766147584270821,-0.2954574096816313,-0.4799957275390625,0.0,0.25,0.0,True
186,21.82799999997951,1.4893334623194556,-0.2953415349499044,-0.5099945068359375,0.0,0.25,0.0,True
187,21.93699999997625,1.501933948238539,-0.295430972184953,-0.5399932861328125,0.0,0.25,0.0,True
188,22.04700000002049,1.5145351673588416,-0.29568160026932166,-0.410003662109375,0.0,0.25,-0.15,True
189,22.15600000001723,1.5270149293092736,-0.2957240890434871,-0.4499969482421875,0.0,0.25,0.0,True
190,22.26600000000326,1.5530884069159243,-0.27824933591625584,-4.3699951171875,0.0,0.25,0.0,True
191,22.375,1.5673804350622362,-0.2748253663220795,-4.899993896484375,0.0,0.25,0.0,True
192,22.51600000000326,1.5808287306299138,-0.2729879516062537,-5.3499908447265625,0.0,0.25,0.0,True
193,22.60899999999674,1.5945381419975095,-0.2713824503820166,-5.2700042724609375,0.0,0.25,0.0,True
194,22.71899999998277,1.6048403083430016,-0.27118267586387984,-5.17999267578125,0.0,0.25,0.0,True
195,22.82799999997951,1.6135180164339635,-0.2703699496305154,-5.2299957275390625,0.0,0.25,0.0,True
196,22.95299999997951,1.6259574568310642,-0.26936649542344643,-5.2299957275390625,0.0,0.25,0.0,True
197,23.06199999997625,1.6334930010364583,-0.26867550826871794,-5.149993896484375,0.0,0.25,0.0,True
198,23.17200000002049,1.6458199824682318,-0.26775819103033743,-5.25,0.0,0.25,0.0,True
199,23.28100000001723,1.6695464832496565,-0.2660127505659426,-5.19000244140625,0.0,0.25,0.0,True
200,23.39100000000326,1.6819859090669813,-0.2650100965000336,-5.30999755859375,0.0,0.25,0.0,True
201,23.5,1.6943104279498251,-0.26406145964991623,-5.4199981689453125,0.0,0.25,0.0,True
202,23.60899999999674,1.7066480575163108,-0.2632564555554039,-5.2599945068359375,0.0,0.25,0.0,True
203,23.71899999998277,1.718395589458105,-0.26258919708665657,-5.2899932861328125,0.0,0.25,0.0,True
204,23.81199999997625,1.7307778441040365,-0.2620553286326833,-5.3600006103515625,0.0,0.25,0.0,True
205,23.92200000002049,1.7432286805441655,-0.2611723935682013,-5.279998779296875,0.0,0.25,0.0,True
206,24.03100000001723,1.7540734406313137,-0.26000351930643784,-5.2899932861328125,0.0,0.25,0.0,True
207,24.125,1.764977737190501,-0.25933600408727786,-5.3199920654296875,0.0,0.25,0.0,True
208,24.25,1.7740352945645677,-0.25780260735312516,-5.2899932861328125,0.0,0.25,0.0,True
209,24.375,1.7831433996475239,-0.2569567145069928,-5.3199920654296875,0.0,0.25,0.0,True
210,24.48399999999674,1.805651966998993,-0.255339414268435,-5.3600006103515625,0.0,0.25,0.0,True
211,24.57799999997951,1.8167947105909972,-0.2546423327956633,-5.3499908447265625,0.0,0.0,0.0,True
212,24.68699999997625,1.8219512029958922,-0.25436750840303407,-5.339996337890625,0.0,0.0,0.0,True
213,24.79700000002049,1.8219512029958922,-0.25436750840303407,-5.1100006103515625,0.0,0.0,0.0,True
214,24.90600000001723,1.8219512029958922,-0.25436750840303407,-5.17999267578125,0.0,0.0,0.0,True
215,25.01600000000326,1.8219512029958922,-0.25436750840303407,-5.149993896484375,0.0,0.0,0.0,True
216,25.125,1.8219512029958922,-0.25436750840303407,-5.160003662109375,0.0,0.0,0.0,True
217,25.23399999999674,1.8219512029958922,-0.25436750840303407,-5.149993896484375,0.0,0.0,0.0,True
218,25.34399999998277,1.8219512029958922,-0.25436750840303407,-5.1399993896484375,0.0,0.0,0.0,True
219,25.45299999997951,1.8219512029958922,-0.25436750840303407,-5.1399993896484375,0.0,0.0,0.0,True
220,25.56199999997625,1.8219512029958922,-0.25436750840303407,-5.149993896484375,0.0,0.0,0.0,True
221,25.67200000002049,1.8219512029958922,-0.25436750840303407,-5.1399993896484375,0.0,0.0,0.0,True
222,25.79700000002049,1.8219512029958922,-0.25436750840303407,-5.1300048828125,0.0,0.0,0.0,True
223,25.89100000000326,1.8219512029958922,-0.25436750840303407,-5.1300048828125,0.0,0.0,0.0,True
224,26.01600000000326,1.8219512029958922,-0.25436750840303407,-5.1300048828125,0.0,0.0,0.0,True
225,26.125,1.8219512029958922,-0.25436750840303407,-5.1399993896484375,0.0,0.0,0.0,True
226,26.25,1.8219512029958922,-0.25436750840303407,-5.1399993896484375,0.0,0.0,0.15,True
227,26.375,1.8219512029958922,-0.25436750840303407,-4.779998779296875,0.0,0.0,0.15,True
228,26.48399999999674,1.8219512029958922,-0.25436750840303407,-2.2400054931640625,0.0,0.0,0.15,True
229,26.59399999998277,1.8219512029958922,-0.25436750840303407,0.4300079345703125,0.0,0.0,0.15,True
230,26.71899999998277,1.8219512029958922,-0.25436750840303407,4.0800018310546875,0.0,0.0,0.15,True
231,26.81199999997625,1.8219512029958922,-0.25436750840303407,7.0,0.0,0.0,0.15,True
232,26.92200000002049,1.8219512029958922,-0.25436750840303407,9.300003051757812,0.0,0.0,0.15,True
233,27.03100000001723,1.8219512029958922,-0.25436750840303407,12.980003356933594,0.0,0.0,0.15,True
234,27.14100000000326,1.8219512029958922,-0.25436750840303407,16.20000457763672,0.0,0.0,0.15,True
235,27.25,1.8219512029958922,-0.25436750840303407,19.0,0.0,0.0,0.15,True
236,27.375,1.8219512029958922,-0.25436750840303407,24.959999084472656,0.0,0.0,0.15,True
237,27.48399999999674,1.8219512029958922,-0.25436750840303407,28.06999969482422,0.0,0.0,0.15,True
238,27.57799999997951,1.8219512029958922,-0.25436750840303407,31.20000457763672,0.0,0.0,0.15,True
239,27.70299999997951,1.8219512029958922,-0.25436750840303407,34.0,0.0,0.0,0.15,True
240,27.81199999997625,1.8219512029958922,-0.25436750840303407,36.91999816894531,0.0,0.0,0.15,True
241,27.92200000002049,1.8219512029958922,-0.25436750840303407,40.040000915527344,0.0,0.0,0.15,True
242,28.04700000002049,1.8219512029958922,-0.25436750840303407,43.160003662109375,0.0,0.0,0.15,True
243,28.17200000002049,1.8219512029958922,-0.25436750840303407,49.029998779296875,0.0,0.0,0.15,True
244,28.32799999997951,1.8219512029958922,-0.25436750840303407,52.209999084472656,0.0,0.0,0.15,True
245,28.45299999997951,1.8219512029958922,-0.25436750840303407,54.45000457763672,0.0,0.0,0.15,True
246,28.56199999997625,1.8219512029958922,-0.25436750840303407,58.150001525878906,0.0,0.0,0.15,True
247,28.67200000002049,1.8219512029958922,-0.25436750840303407,64.02000427246094,0.0,0.0,0.15,True
248,28.79700000002049,1.8219512029958922,-0.25436750840303407,67.27999877929688,0.0,0.0,0.15,True
249,28.90600000001723,1.8219512029958922,-0.25436750840303407,69.81999969482422,0.0,0.0,0.15,True
250,29.01600000000326,1.8219512029958922,-0.25436750840303407,73.30000305175781,0.0,0.0,0.15,True
251,29.125,1.8219512029958922,-0.25436750840303407,76.35000228881836,0.0,0.0,0.15,True
252,29.23399999999674,1.8219512029958922,-0.25436750840303407,79.55000305175781,0.0,0.0,0.15,True
253,29.34399999998277,1.8219512029958922,-0.25436750840303407,82.4900016784668,0.0,0.0,0.15,True
254,29.45299999997951,1.8219512029958922,-0.25436750840303407,85.7400016784668,0.0,0.0,0.15,True
255,29.56199999997625,1.8219512029958922,-0.25436750840303407,88.6400032043457,0.0,0.0,0.0,True
256,29.67200000002049,1.8219512029958922,-0.25436750840303407,94.16000366210938,0.0,0.0,0.0,True
257,29.78100000001723,1.8219512029958922,-0.25436750840303407,94.08000183105469,0.0,0.0,0.0,True
258,29.89100000000326,1.8219512029958922,-0.25436750840303407,94.11000061035156,0.0,0.0,0.0,True
259,30.0,1.8219512029958922,-0.25436750840303407,94.10000228881836,0.0,0.0,0.0,True
260,30.125,1.8219512029958922,-0.25436750840303407,94.11000061035156,0.0,0.0,0.0,True
261,30.23399999999674,1.8219512029958922,-0.25436750840303407,94.10000228881836,0.0,0.0,0.0,True
262,30.34399999998277,1.8219512029958922,-0.25436750840303407,94.09000015258789,0.0,0.0,0.0,True
263,30.45299999997951,1.8219512029958922,-0.25436750840303407,94.08000183105469,0.0,0.0,0.0,True
264,30.56199999997625,1.8219512029958922,-0.25436750840303407,94.08000183105469,0.0,0.0,0.0,True
265,30.67200000002049,1.8219512029958922,-0.25436750840303407,94.08000183105469,0.0,0.0,0.0,True
266,30.78100000001723,1.8219512029958922,-0.25436750840303407,94.08000183105469,0.0,0.0,0.0,True
267,30.89100000000326,1.8219512029958922,-0.25436750840303407,94.07000350952148,0.0,0.0,0.0,True
268,31.01600000000326,1.8219512029958922,-0.25436750840303407,94.07000350952148,0.0,0.0,0.0,True
269,31.125,1.8219512029958922,-0.25436750840303407,94.08000183105469,0.0,0.0,0.0,True
270,31.23399999999674,1.8219512029958922,-0.25436750840303407,94.08000183105469,0.0,0.0,0.0,True
271,31.34399999998277,1.8219512029958922,-0.25436750840303407,94.07000350952148,0.0,0.0,0.0,True
272,31.45299999997951,1.8219512029958922,-0.25436750840303407,94.06000137329102,0.0,0.0,0.0,True
273,31.56199999997625,1.8219512029958922,-0.25436750840303407,94.06000137329102,0.0,0.0,0.0,True
274,31.70299999997951,1.8219512029958922,-0.25436750840303407,94.07000350952148,0.0,0.0,0.0,True
275,31.85899999999674,1.8219512029958922,-0.25436750840303407,94.07000350952148,0.0,0.0,0.0,True
276,31.96899999998277,1.8219512029958922,-0.25436750840303407,94.06000137329102,0.0,0.0,0.0,True
277,32.09399999998277,1.8219512029958922,-0.25436750840303407,94.06000137329102,0.0,0.0,-0.15,True
278,32.23399999999674,1.8219512029958922,-0.25436750840303407,94.03000259399414,0.0,0.0,0.0,True
279,32.34399999998277,1.8219512029958922,-0.25436750840303407,92.07000350952148,0.0,0.0,0.0,True
280,32.46899999998277,1.8219512029958922,-0.25436750840303407,92.01000213623047,0.0,0.0,0.0,True
281,32.57799999997951,1.8219512029958922,-0.25436750840303407,92.01000213623047,0.0,0.0,0.0,True
282,32.70299999997951,1.8219512029958922,-0.25436750840303407,92.01000213623047,0.0,0.0,0.0,True
283,32.79700000002049,1.8219512029958922,-0.25436750840303407,92.01000213623047,0.0,0.0,0.0,True
284,32.92200000002049,1.8219512029958922,-0.25436750840303407,92.01000213623047,0.0,0.0,0.0,True
285,33.01600000000326,1.8219512029958922,-0.25436750840303407,92.01000213623047,0.0,0.25,0.0,True
286,33.14100000000326,1.821843997449149,-0.2554443272517523,92.02000045776367,0.0,0.25,0.0,True
287,33.25,1.8198000661441143,-0.2636988528786265,91.91000366210938,0.0,0.25,0.0,True
288,33.35899999999674,1.8185055584999434,-0.27096379626448747,91.92000198364258,0.0,0.25,0.0,True
289,33.46899999998277,1.8177942119435335,-0.2839063828155528,91.8900032043457,0.0,0.25,0.0,True
290,33.57799999997951,1.8169070419436928,-0.2960025665470573,91.94000244140625,0.0,0.25,0.0,True
291,33.67200000002049,1.8159731665599415,-0.3085763105138889,92.08000183105469,0.0,0.25,0.0,True
292,33.78100000001723,1.8149252321026248,-0.32992186326753187,92.21000289916992,0.0,0.25,0.0,True
293,33.90600000001723,1.8148221576263337,-0.33711850548228195,92.29000091552734,0.0,0.25,0.0,True
294,34.01600000000326,1.8141156514314005,-0.342444073127235,92.79000091552734,0.0,0.25,0.0,True
295,34.125,1.813514610107729,-0.3549088095235927,92.78000259399414,0.0,0.25,0.0,True
296,34.25,1.8120717070815018,-0.3657371146679641,92.75,0.0,0.25,0.0,True
297,34.43699999997625,1.8114601288733738,-0.38629437388628396,92.91000366210938,0.0,0.25,0.0,True
298,34.54700000002049,1.8112242296197376,-0.3928057298346025,92.93000030517578,0.0,0.25,0.0,True
299,34.67200000002049,1.8101418296892295,-0.4081287328938431,93.10000228881836,0.0,0.25,0.0,True
300,34.81199999997625,1.8093256852183792,-0.4265628753163586,93.04000091552734,0.0,0.25,0.0,True
301,34.93699999997625,1.8086753423140247,-0.4387846755227089,93.03000259399414,0.0,0.25,0.0,True
302,35.07799999997951,1.8075154270508567,-0.44931000046296615,93.11000061035156,0.0,0.25,0.0,True
303,35.18699999997625,1.80609791593211,-0.47071435226483743,92.95000076293945,0.0,0.25,0.0,True
304,35.29700000002049,1.8047685895333343,-0.47713498092757367,93.0,0.0,0.25,0.0,True
305,35.40600000001723,1.8038228774787628,-0.4898218127623758,92.95000076293945,0.0,0.25,0.0,True
306,35.53100000001723,1.803200087040014,-0.5020450868146824,92.83000183105469,0.0,0.25,0.0,True
307,35.64100000000326,1.8029200351324595,-0.5127688062796674,92.93000030517578,0.0,0.25,0.0,True
308,35.75,1.8028350137103355,-0.5219114383676391,92.85000228881836,0.0,0.25,0.0,True
309,35.84399999998277,1.8027873994633101,-0.5291765610512748,92.80000305175781,0.0,0.25,0.0,True
310,35.96899999998277,1.8021039748353822,-0.5417573151985537,92.82000350952148,0.0,0.25,0.0,True
311,36.09399999998277,1.8004542061286308,-0.5666643209821475,92.75,0.0,0.25,0.0,True
312,36.20299999997951,1.7997742203448786,-0.5794855751222325,92.7300033569336,0.0,0.25,0.0,True
313,36.31199999997625,1.7993223958441984,-0.5930385214874081,92.7400016784668,0.0,0.25,0.0,True
314,36.42200000002049,1.7981591628459828,-0.6057164467428171,92.71000289916992,0.0,0.25,0.0,True
315,36.54700000002049,1.7974230641652686,-0.618414973606475,92.71000289916992,0.0,0.25,0.0,True
316,36.65600000001723,1.796323857761261,-0.6309751482098651,92.78000259399414,0.0,0.25,0.0,True
317,36.78100000001723,1.7948814806645723,-0.6548469273906721,92.67000198364258,0.0,0.25,0.0,True
318,36.89100000000326,1.794301515221219,-0.6645267279565561,92.80000305175781,0.0,0.25,0.0,True
319,37.0,1.7945239294339175,-0.6720796616140043,92.80000305175781,0.0,0.25,0.0,True
320,37.125,1.7946239798107504,-0.678625039841711,92.66000366210938,0.0,0.25,0.0,True
321,37.23399999999674,1.7949765587570974,-0.6836547569078345,92.70000076293945,0.0,0.25,0.0,True
322,37.32799999997951,1.7941930423159154,-0.6955097991174394,92.81000137329102,0.0,0.25,0.0,True
323,37.45299999997951,1.7940531816863974,-0.7069288357903345,92.76000213623047,0.0,0.25,0.0,True
324,37.57799999997951,1.7925523125017033,-0.7179940620353183,92.69000244140625,0.0,0.25,0.0,True
325,37.67200000002049,1.7916974366450333,-0.7249466105039778,92.6500015258789,0.0,0.25,0.0,True
326,37.79700000002049,1.789161907160379,-0.7438046878357486,92.60000228881836,0.0,0.25,0.0,True
327,37.96899999998277,1.7884837773295101,-0.7557854815846041,92.58000183105469,0.0,0.25,0.0,True
328,38.09399999998277,1.7876916302583594,-0.7762380740512707,92.51000213623047,0.0,0.25,0.0,True
329,38.20299999997951,1.7875123013066518,-0.7874166162093916,92.28000259399414,0.0,0.25,0.0,True
330,38.31199999997625,1.787895430271129,-0.7937943257067341,92.31000137329102,0.0,0.25,0.0,True
331,38.42200000002049,1.7874332222787004,-0.8025474063427245,92.37000274658203,0.0,0.25,0.0,True
332,38.54700000002049,1.786250906310167,-0.8142439665067464,92.18000030517578,0.0,0.25,0.0,True
333,38.65600000001723,1.7855696296537718,-0.8265859266484861,92.20000076293945,0.0,0.25,0.0,True
334,38.78100000001723,1.7842374519975395,-0.8368847067394735,92.31000137329102,0.0,0.25,0.0,True
335,38.89100000000326,1.7827194294904165,-0.8472319367210617,92.25,0.0,0.25,0.0,True
336,39.0,1.781952668759119,-0.8596905764934466,92.31000137329102,0.0,0.25,0.0,True
337,39.18699999997625,1.7806660284251141,-0.8784739970417976,92.27000045776367,0.0,0.25,0.0,True
338,39.31199999997625,1.7790697029971954,-0.9045891390969317,92.22000122070312,0.0,0.25,0.0,True
339,39.40600000001723,1.778908666798173,-0.9142168018929617,92.27000045776367,0.0,0.25,0.0,True
340,39.51600000000326,1.7784170578887115,-0.9217373883713716,92.28000259399414,0.0,0.25,0.0,True
341,39.625,1.7776392708068096,-0.9341952840335541,92.30000305175781,0.0,0.25,0.0,True
342,39.75,1.7770774198412602,-0.9467819644272898,92.25,0.0,0.25,0.0,True
343,39.84399999998277,1.7765996339506498,-0.9565243563369682,92.28000259399414,0.0,0.25,0.0,True
344,39.96899999998277,1.7760971268447678,-0.9665594511711354,92.29000091552734,0.0,0.25,0.0,True
345,40.07799999997951,1.776487443772462,-0.9719161700976975,92.31000137329102,0.0,0.25,0.0,True
346,40.18699999997625,1.775538469437983,-0.9853280679101294,92.31000137329102,0.0,0.25,0.0,True
347,40.31199999997625,1.7749732082510365,-1.0034404807607353,92.11000061035156,0.0,0.25,0.0,True
348,40.43699999997625,1.774310259615956,-1.0157835234646435,92.09000015258789,0.0,0.25,0.0,True
349,40.53100000001723,1.7737720166856261,-1.0245189580992429,92.09000015258789,0.0,0.25,0.0,True
350,40.64100000000326,1.771978980582469,-1.0333850684328434,91.93000030517578,0.0,0.25,0.0,True
351,40.73399999999674,1.7701396508538285,-1.0422880086201183,91.95000076293945,0.0,0.25,0.0,True
352,40.84399999998277,1.7690897711368847,-1.0474920575145104,91.93000030517578,0.0,0.25,0.0,True
353,40.95299999997951,1.7674902322939396,-1.059262498050296,91.82000350952148,0.0,0.25,0.0,True
354,41.10899999999674,1.7665038969668931,-1.0840819494202,91.83000183105469,0.0,0.25,0.0,True
355,41.21899999998277,1.7666693682042027,-1.0948342921333556,91.68000030517578,0.0,0.25,0.0,True
356,41.31199999997625,1.7665417371672247,-1.102161444796654,91.69000244140625,0.0,0.25,0.0,True
357,41.42200000002049,1.765953609594828,-1.1061236027682972,91.70000076293945,0.0,0.25,0.0,True
358,41.54700000002049,1.764622569235943,-1.1117790680179207,91.62000274658203,0.0,0.25,0.0,True
359,41.71899999998277,1.7641043714806302,-1.1351473392676417,91.68000030517578,0.0,0.25,0.0,True
360,41.82799999997951,1.7631467042942006,-1.1472440400343094,91.47000122070312,0.0,0.25,0.0,True
361,41.93699999997625,1.7630517964935286,-1.1594769140830834,91.52000045776367,0.0,0.25,0.0,True
362,42.04700000002049,1.7632643499010658,-1.1665402007464114,91.53000259399414,0.0,0.25,0.0,True
363,42.15600000001723,1.763496615008345,-1.1750204349855309,91.4800033569336,0.0,0.25,0.0,True
364,42.26600000000326,1.7634527091334447,-1.188222292261463,91.37000274658203,0.0,0.25,0.0,True
365,42.35899999999674,1.762849071322691,-1.2006903299288667,91.53000259399414,0.0,0.0,0.0,True
366,42.46899999998277,1.7621567542765217,-1.2057129213957452,91.44000244140625,0.0,0.0,0.0,True
367,42.56199999997625,1.7621567542765217,-1.2057129213957452,91.30000305175781,0.0,0.0,0.0,True
368,42.67200000002049,1.7621567542765217,-1.2057129213957452,91.27000045776367,0.0,0.25,0.0,True
369,42.78100000001723,1.7621567542765217,-1.2057129213957452,91.29000091552734,0.0,0.25,0.0,True
370,42.89100000000326,1.7617345659588535,-1.2107577427752463,91.03000259399414,0.0,0.0,0.0,True
371,42.98399999999674,1.7611414123525182,-1.2190907898665633,91.58000183105469,0.0,0.0,0.0,True
372,43.10899999999674,1.7611414123525182,-1.2190907898665633,91.09000015258789,0.0,0.0,0.0,True
373,43.21899999998277,1.7611414123525182,-1.2190907898665633,91.03000259399414,0.0,0.0,0.0,True
374,43.34399999998277,1.7611414123525182,-1.2190907898665633,91.0,0.0,0.0,0.0,True
375,43.45299999997951,1.7611414123525182,-1.2190907898665633,90.9900016784668,0.0,0.0,0.0,True
376,43.56199999997625,1.7611414123525182,-1.2190907898665633,90.9800033569336,0.0,0.0,0.0,True
377,43.67200000002049,1.7611414123525182,-1.2190907898665633,90.97000122070312,0.0,0.0,0.0,True
378,43.78100000001723,1.7611414123525182,-1.2190907898665633,90.96000289916992,0.0,0.0,0.0,True
379,43.875,1.7611414123525182,-1.2190907898665633,90.95000076293945,0.0,0.0,0.0,True
380,44.0,1.7611414123525182,-1.2190907898665633,90.95000076293945,0.0,0.0,0.0,True
381,44.10899999999674,1.7611414123525182,-1.2190907898665633,90.95000076293945,0.0,0.0,0.0,True
382,44.23399999999674,1.7611414123525182,-1.2190907898665633,90.95000076293945,0.0,0.0,0.0,True
383,44.32799999997951,1.7611414123525182,-1.2190907898665633,90.95000076293945,0.0,0.0,0.0,True
384,44.45299999997951,1.7611414123525182,-1.2190907898665633,90.95000076293945,0.0,0.0,0.0,True
385,44.54700000002049,1.7611414123525182,-1.2190907898665633,90.94000244140625,0.0,0.0,0.0,True
386,44.64100000000326,1.7611414123525182,-1.2190907898665633,90.95000076293945,0.0,0.0,0.0,True
387,44.76600000000326,1.7611414123525182,-1.2190907898665633,90.94000244140625,0.0,0.0,0.0,True
388,44.875,1.7611414123525182,-1.2190907898665633,90.94000244140625,0.0,0.0,0.0,True
389,44.98399999999674,1.7611414123525182,-1.2190907898665633,90.94000244140625,0.0,0.0,0.0,True
390,45.09399999998277,1.7611414123525182,-1.2190907898665633,90.94000244140625,0.0,0.0,0.0,True
391,45.21899999998277,1.7611414123525182,-1.2190907898665633,90.94000244140625,0.0,0.0,0.0,True
392,45.32799999997951,1.7611414123525182,-1.2190907898665633,90.94000244140625,0.0,0.0,0.0,True
393,45.43699999997625,1.7611414123525182,-1.2190907898665633,90.94000244140625,0.0,0.0,0.15,True
394,45.54700000002049,1.7611414123525182,-1.2190907898665633,91.04000091552734,0.0,0.0,0.15,True
395,45.65600000001723,1.7611414123525182,-1.2190907898665633,93.17000198364258,0.0,0.0,0.15,True
396,45.78100000001723,1.7611414123525182,-1.2190907898665633,96.16000366210938,0.0,0.0,0.15,True
397,45.875,1.7611414123525182,-1.2190907898665633,99.28000259399414,0.0,0.0,0.15,True
398,45.98399999999674,1.7611414123525182,-1.2190907898665633,101.87000274658203,0.0,0.0,0.15,True
399,46.09399999998277,1.7611414123525182,-1.2190907898665633,104.96000289916992,0.0,0.0,0.15,True
400,46.20299999997951,1.7611414123525182,-1.2190907898665633,106.79000091552734,0.0,0.0,0.15,True
401,46.31199999997625,1.7611414123525182,-1.2190907898665633,113.89000129699707,0.0,0.0,0.15,True
402,46.42200000002049,1.7611414123525182,-1.2190907898665633,117.17000198364258,0.0,0.0,0.15,True
403,46.53100000001723,1.7611414123525182,-1.2190907898665633,119.9900016784668,0.0,0.0,0.15,True
404,46.64100000000326,1.7611414123525182,-1.2190907898665633,123.04000091552734,0.0,0.0,0.15,True
405,46.75,1.7611414123525182,-1.2190907898665633,126.07000160217285,0.0,0.0,0.15,True
406,46.85899999999674,1.7611414123525182,-1.2190907898665633,128.94000148773193,0.0,0.0,0.15,True
407,46.96899999998277,1.7611414123525182,-1.2190907898665633,132.04000186920166,0.0,0.0,0.15,True
408,47.09399999998277,1.7611414123525182,-1.2190907898665633,135.2600016593933,0.0,0.0,0.15,True
409,47.25,1.7611414123525182,-1.2190907898665633,140.93000185489655,0.0,0.0,0.15,True
410,47.39100000000326,1.7611414123525182,-1.2190907898665633,144.16000175476074,0.0,0.0,0.15,True
411,47.48399999999674,1.7611414123525182,-1.2190907898665633,147.06000185012817,0.0,0.0,0.15,True
412,47.60899999999674,1.7611414123525182,-1.2190907898665633,150.09000205993652,0.0,0.0,0.15,True
413,47.71899999998277,1.7611414123525182,-1.2190907898665633,155.98000144958496,0.0,0.0,0.15,True
414,47.82799999997951,1.7611414123525182,-1.2190907898665633,159.07000160217285,0.0,0.0,0.15,True
415,47.93699999997625,1.7611414123525182,-1.2190907898665633,162.35000228881836,0.0,0.0,0.15,True
416,48.04700000002049,1.7611414123525182,-1.2190907898665633,165.2000026702881,0.0,0.0,0.15,True
417,48.20299999997951,1.7611414123525182,-1.2190907898665633,168.2400016784668,0.0,0.0,0.15,True
418,48.34399999998277,1.7611414123525182,-1.2190907898665633,174.42000198364258,0.0,0.0,0.15,True
419,48.46899999998277,1.7611414123525182,-1.2190907898665633,177.46000289916992,0.0,0.0,0.0,True
420,48.64100000000326,1.7611414123525182,-1.2190907898665633,-177.7699966430664,0.0,0.0,0.0,True
421,48.75,1.7611414123525182,-1.2190907898665633,-177.95999908447266,0.0,0.0,0.0,True
422,48.875,1.7611414123525182,-1.2190907898665633,-178.0099983215332,0.0,0.0,0.0,True
423,48.98399999999674,1.7611414123525182,-1.2190907898665633,-178.0099983215332,0.0,0.0,0.0,True
424,49.07799999997951,1.7611414123525182,-1.2190907898665633,-178.0,0.0,0.0,0.0,True
425,49.21899999998277,1.7611414123525182,-1.2190907898665633,-178.0,0.0,0.0,0.0,True
426,49.32799999997951,1.7611414123525182,-1.2190907898665633,-178.0,0.0,0.0,0.0,True
427,49.43699999997625,1.7611414123525182,-1.2190907898665633,-177.98999786376953,0.0,0.0,0.15,True
428,49.56199999997625,1.7611414123525182,-1.2190907898665633,-176.92999649047852,0.0,0.0,0.0,True
429,49.65600000001723,1.7611414123525182,-1.2190907898665633,-174.17999649047852,0.0,0.0,0.0,True
430,49.76600000000326,1.7611414123525182,-1.2190907898665633,-174.25,0.0,0.0,0.0,True
431,49.875,1.7611414123525182,-1.2190907898665633,-174.1999969482422,0.0,0.0,0.0,True
432,49.98399999999674,1.7611414123525182,-1.2190907898665633,-174.17999649047852,0.0,0.0,0.0,True
433,50.07799999997951,1.7611414123525182,-1.2190907898665633,-174.1699981689453,0.0,0.0,0.0,True
434,50.20299999997951,1.7611414123525182,-1.2190907898665633,-174.1599998474121,0.0,0.0,0.0,True
435,50.375,1.7611414123525182,-1.2190907898665633,-174.1599998474121,0.0,0.0,0.0,True
436,50.5,1.7611414123525182,-1.2190907898665633,-174.1599998474121,0.0,0.0,0.0,True
437,50.60899999999674,1.7611414123525182,-1.2190907898665633,-174.14999771118164,0.0,0.0,0.0,True
438,50.71899999998277,1.7611414123525182,-1.2190907898665633,-174.14999771118164,0.0,0.0,0.0,True
439,50.82799999997951,1.7611414123525182,-1.2190907898665633,-174.1599998474121,0.0,0.0,0.0,True
440,50.93699999997625,1.7611414123525182,-1.2190907898665633,-174.1599998474121,0.0,0.0,0.0,True
441,51.04700000002049,1.7611414123525182,-1.2190907898665633,-174.1699981689453,0.0,0.0,0.0,True
442,51.15600000001723,1.7611414123525182,-1.2190907898665633,-174.1599998474121,0.0,0.0,-0.15,True
443,51.25,1.7611414123525182,-1.2190907898665633,-174.43999862670898,0.0,0.0,-0.15,True
444,51.375,1.7611414123525182,-1.2190907898665633,-176.43999862670898,0.0,0.0,-0.15,True
445,51.46899999998277,1.7611414123525182,-1.2190907898665633,-179.3499984741211,0.0,0.0,0.0,True
446,51.57799999997951,1.7611414123525182,-1.2190907898665633,177.82000350952148,0.0,0.0,0.0,True
447,51.67200000002049,1.7611414123525182,-1.2190907898665633,176.97000122070312,0.0,0.0,0.0,True
448,51.81199999997625,1.7611414123525182,-1.2190907898665633,176.77000045776367,0.0,0.0,0.0,True
449,51.92200000002049,1.7611414123525182,-1.2190907898665633,176.76000213623047,0.0,0.0,0.0,True
450,52.01600000000326,1.7611414123525182,-1.2190907898665633,176.76000213623047,0.0,0.0,0.0,True
451,52.17200000002049,1.7611414123525182,-1.2190907898665633,176.76000213623047,0.0,0.0,0.0,True
452,52.26600000000326,1.7611414123525182,-1.2190907898665633,176.76000213623047,0.0,0.0,0.15,True
453,52.375,1.7611414123525182,-1.2190907898665633,176.75,0.0,0.0,0.15,True
454,52.48399999999674,1.7611414123525182,-1.2190907898665633,178.27000045776367,0.0,0.0,0.0,True
455,52.59399999998277,1.7611414123525182,-1.2190907898665633,-178.78999710083008,0.0,0.0,0.0,True
456,52.70299999997951,1.7611414123525182,-1.2190907898665633,-178.47999954223633,0.0,0.0,0.0,True
457,52.81199999997625,1.7611414123525182,-1.2190907898665633,-178.5199966430664,0.0,0.0,0.0,True
458,52.93699999997625,1.7611414123525182,-1.2190907898665633,-178.5099983215332,0.0,0.0,0.0,True
459,53.09399999998277,1.7611414123525182,-1.2190907898665633,-178.48999786376953,0.0,0.0,0.0,True
460,53.20299999997951,1.7611414123525182,-1.2190907898665633,-178.48999786376953,0.0,0.0,0.0,True
461,53.31199999997625,1.7611414123525182,-1.2190907898665633,-178.47999954223633,0.0,0.0,0.0,True
462,53.42200000002049,1.7611414123525182,-1.2190907898665633,-178.47999954223633,0.0,0.0,0.0,True
463,53.53100000001723,1.7611414123525182,-1.2190907898665633,-178.46999740600586,0.0,0.0,0.0,True
464,53.64100000000326,1.7611414123525182,-1.2190907898665633,-178.46999740600586,0.0,0.0,0.0,True
465,53.73399999999674,1.7611414123525182,-1.2190907898665633,-178.45999908447266,0.0,0.0,0.15,True
466,53.84399999998277,1.7611414123525182,-1.2190907898665633,-178.4499969482422,0.0,0.0,0.0,True
467,53.95299999997951,1.7611414123525182,-1.2190907898665633,-175.80999755859375,0.0,0.0,0.0,True
468,54.07799999997951,1.7611414123525182,-1.2190907898665633,-175.56999969482422,0.0,0.0,0.0,True
469,54.18699999997625,1.7611414123525182,-1.2190907898665633,-175.5,0.0,0.0,0.0,True
470,54.29700000002049,1.7611414123525182,-1.2190907898665633,-175.4499969482422,0.0,0.0,0.0,True
471,54.39100000000326,1.7611414123525182,-1.2190907898665633,-175.4499969482422,0.0,0.0,0.0,True
472,54.51600000000326,1.7611414123525182,-1.2190907898665633,-175.4499969482422,0.0,0.0,0.0,True
473,54.625,1.7611414123525182,-1.2190907898665633,-175.4499969482422,0.0,0.0,0.0,True
474,54.73399999999674,1.7611414123525182,-1.2190907898665633,-175.4499969482422,0.0,0.0,-0.15,True
475,54.84399999998277,1.7611414123525182,-1.2190907898665633,-175.8499984741211,0.0,0.0,0.0,True
476,54.95299999997951,1.7611414123525182,-1.2190907898665633,-177.06999969482422,0.0,0.0,0.0,True
477,55.06199999997625,1.7611414123525182,-1.2190907898665633,-177.97999954223633,0.0,0.0,0.0,True
478,55.17200000002049,1.7611414123525182,-1.2190907898665633,-177.98999786376953,0.0,0.0,0.0,True
479,55.28100000001723,1.7611414123525182,-1.2190907898665633,-177.98999786376953,0.0,0.0,0.0,True
480,55.39100000000326,1.7611414123525182,-1.2190907898665633,-177.97999954223633,0.0,0.0,0.0,True
481,55.5,1.7611414123525182,-1.2190907898665633,-177.97999954223633,0.0,0.0,0.0,True
482,55.64100000000326,1.7611414123525182,-1.2190907898665633,-177.95999908447266,0.0,0.0,-0.15,True
483,55.75,1.7611414123525182,-1.2190907898665633,-177.97999954223633,0.0,0.0,0.0,True
484,55.85899999999674,1.7611414123525182,-1.2190907898665633,-179.98999786376953,0.0,0.0,0.0,True
485,55.96899999998277,1.7611414123525182,-1.2190907898665633,179.3400001525879,0.0,0.0,0.0,True
486,56.07799999997951,1.7611414123525182,-1.2190907898665633,179.3400001525879,0.0,0.0,0.0,True
487,56.20299999997951,1.7611414123525182,-1.2190907898665633,179.3400001525879,0.0,0.0,0.0,True
488,56.31199999997625,1.7611414123525182,-1.2190907898665633,179.3400001525879,0.0,0.0,0.0,True
489,56.42200000002049,1.7611414123525182,-1.2190907898665633,179.35000228881836,0.0,0.0,0.0,True
490,56.53100000001723,1.7611414123525182,-1.2190907898665633,179.36000061035156,0.0,0.0,0.0,True
491,56.64100000000326,1.7611414123525182,-1.2190907898665633,179.36000061035156,0.0,0.25,0.0,True
492,56.75,1.7604215082507813,-1.2190987687546713,179.37000274658203,0.0,0.25,0.0,True
493,56.85899999999674,1.7604215082507813,-1.2190987687546713,179.37000274658203,0.0,0.25,0.0,True
494,56.98399999999674,1.7391763131726343,-1.2188252501322083,178.8900032043457,0.0,0.25,0.0,True
495,57.09399999998277,1.7301446846432729,-1.2190708572780544,178.8300018310547,0.0,0.25,0.0,True
496,57.20299999997951,1.7214841144608315,-1.2192020513547603,178.8000030517578,0.0,0.25,0.0,True
497,57.31199999997625,1.709241899348746,-1.2191827544903209,178.7300033569336,0.0,0.25,0.0,True
498,57.42200000002049,1.703281770502702,-1.2196088153380797,178.6500015258789,0.0,0.25,0.0,True
499,57.51600000000326,1.6908131654853273,-1.2201863537920294,178.5900001525879,0.0,0.25,0.0,True
500,57.64100000000326,1.6677797205824827,-1.2206347966833033,178.41000366210938,0.0,0.25,0.0,True
501,57.75,1.6597953028480317,-1.2203143387221858,178.3000030517578,0.0,0.25,0.0,True
502,57.85899999999674,1.6533138143313377,-1.2198873883809165,178.32000350952148,0.0,0.25,0.0,True
503,57.96899999998277,1.6472774576286693,-1.219919713830198,178.16000366210938,0.0,0.25,0.0,True
504,58.07799999997951,1.6352756445355052,-1.2200325057633963,178.11000061035156,0.0,0.25,0.0,True
505,58.18699999997625,1.6217172330765044,-1.2202778693493896,178.12000274658203,0.0,0.25,0.0,True
506,58.29700000002049,1.6094902661870738,-1.2208366514687092,177.9900016784668,0.0,0.25,0.0,True
507,58.40600000001723,1.5976062647658937,-1.2209065515617896,177.9900016784668,0.0,0.25,0.0,True
508,58.51600000000326,1.5857271776173605,-1.221121603374168,177.97000122070312,0.0,0.25,0.0,True
509,58.625,1.5612556447388972,-1.2217505139788416,177.87000274658203,0.0,0.25,0.0,True
510,58.73399999999674,1.5493771164536596,-1.2219902217099607,177.86000061035156,0.0,0.25,0.0,True
511,58.84399999998277,1.5385444758691935,-1.2218402603054608,177.8000030517578,0.0,0.25,0.0,True
512,58.96899999998277,1.5294391641388323,-1.2219786510950936,177.8300018310547,0.0,0.25,0.0,True
513,59.07799999997951,1.5221604619396043,-1.2218881767067753,177.8900032043457,0.0,0.25,0.0,True
514,59.20299999997951,1.5169739431785219,-1.2217533919522103,177.71000289916992,0.0,0.25,0.0,True
515,59.29700000002049,1.5050960886773959,-1.2220256530835953,177.63000106811523,0.0,0.25,0.0,True
516,59.40600000001723,1.4918966848286934,-1.2222816810920463,177.70000076293945,0.0,0.25,0.0,True
517,59.51600000000326,1.481340621743034,-1.2216979770555518,177.6500015258789,0.0,0.25,0.0,True
518,59.625,1.4692289829996075,-1.2221371681090252,177.54000091552734,0.0,0.25,0.0,True
519,59.73399999999674,1.4485277693062637,-1.222056023284048,177.57000350952148,0.0,0.25,0.0,True
520,59.85899999999674,1.4397942721975068,-1.2219705261549745,177.4900016784668,0.0,0.25,0.0,True
521,59.95299999997951,1.4341791711520087,-1.2220573211013441,177.53000259399414,0.0,0.25,0.0,True
522,60.10899999999674,1.42205649624587,-1.2222426284706007,177.45000076293945,0.0,0.25,0.0,True
523,60.20299999997951,1.4115966194924017,-1.2226614669524296,177.3900032043457,0.0,0.25,0.0,True
524,60.32799999997951,1.4015333226258002,-1.2230857665001151,177.28000259399414,0.0,0.25,0.0,True
525,60.42200000002049,1.3892881738462926,-1.2232449594325832,177.31000137329102,0.0,0.25,0.0,True
526,60.54700000002049,1.3734356956855611,-1.2234609917637045,177.04000091552734,0.0,0.25,0.0,True
527,60.64100000000326,1.3675860523093664,-1.2235043396317062,177.0800018310547,0.0,0.25,0.0,True
528,60.79700000002049,1.3554868042786905,-1.224207449664646,176.93000030517578,0.0,0.25,0.0,True
529,60.90600000001723,1.3432658857319626,-1.2248735260793011,176.79000091552734,0.0,0.25,0.0,True
530,61.01600000000326,1.335232121635907,-1.2252679672363924,176.78000259399414,0.0,0.25,0.0,True
531,61.125,1.323013389491125,-1.2259714563588713,176.6400032043457,0.0,0.25,0.0,True
532,61.25,1.3011952043136799,-1.2272851593321334,176.45000076293945,0.0,0.25,0.0,True
533,61.35899999999674,1.2899405057385736,-1.2278759526873442,176.37000274658203,0.0,0.25,0.0,True
534,61.46899999998277,1.2779658981282778,-1.2286469572147223,176.29000091552734,0.0,0.25,0.0,True
535,61.56199999997625,1.2670969742026055,-1.229867420733256,176.2400016784668,0.0,0.25,0.0,True
536,61.68699999997625,1.257521892596724,-1.2307144652088473,176.18000030517578,0.0,0.25,0.0,True
537,61.78100000001723,1.2454254041837753,-1.2314583162909092,176.11000061035156,0.0,0.25,0.0,True
538,61.90600000001723,1.2338468257499702,-1.2323203214795129,176.04000091552734,0.0,0.25,0.0,True
539,61.98399999999674,1.2217326587053619,-1.2328102861266754,176.03000259399414,0.0,0.25,0.0,True
540,62.10899999999674,1.2147888356175485,-1.2331046586978784,176.0,0.0,0.25,0.0,True
541,62.23399999999674,1.2068103239189167,-1.2338912453192408,175.9000015258789,0.0,0.25,0.0,True
542,62.375,1.181147461725614,-1.2350166127919038,175.92000198364258,0.0,0.25,0.0,True
543,62.5,1.1711243915176135,-1.2361551524482393,175.8300018310547,0.0,0.25,0.0,True
544,62.73399999999674,1.1459131082485543,-1.2373644737828475,175.68000030517578,0.0,0.25,0.0,True
545,62.85899999999674,1.1268294117093602,-1.2388803110390367,175.7300033569336,0.0,0.25,0.0,True
546,62.96899999998277,1.1140946075792315,-1.239151236143866,175.6500015258789,0.0,0.25,0.0,True
547,63.07799999997951,1.1033163977536755,-1.239839677741048,175.56000137329102,0.0,0.25,0.0,True
548,63.20299999997951,1.0896795851153995,-1.2409140628109256,175.44000244140625,0.0,0.25,0.0,True
549,63.29700000002049,1.0793116299528496,-1.2414333553934416,175.3900032043457,0.0,0.25,0.0,True
550,63.42200000002049,1.0667824009495286,-1.2428012594167595,175.3000030517578,0.0,0.25,0.0,True
551,63.53100000001723,1.0565648855869512,-1.2431644776957829,175.20000076293945,0.0,0.25,0.0,True
552,63.64100000000326,1.0490380175986787,-1.2434389181023922,175.11000061035156,0.0,0.25,0.0,True
553,63.75,1.0377461340530922,-1.2433012043665386,174.95000076293945,0.0,0.25,0.0,True
554,63.85899999999674,1.0263729357941893,-1.2440979795288998,174.92000198364258,0.0,0.25,0.0,True
555,63.96899999998277,1.0160067887647195,-1.2453235218361958,174.82000350952148,0.0,0.25,0.0,True
556,64.07799999997951,1.0058514210628724,-1.2461659287567062,174.78000259399414,0.0,0.25,0.0,True
557,64.17200000002049,0.9943889449175736,-1.247311878489326,174.6500015258789,0.0,0.25,0.0,True
558,64.29700000002049,0.9873823774737605,-1.2484925274237346,174.5500030517578,0.0,0.25,0.0,True
559,64.42200000002049,0.9805383008393932,-1.2495985909981624,174.5,0.0,0.25,0.0,True
560,64.57799999997951,0.9543647497007335,-1.251949872574775,174.35000228881836,0.0,0.25,0.0,True
561,64.70299999997951,0.941947284655378,-1.2531884159287698,174.28000259399414,0.0,0.25,0.0,True
562,64.84399999998277,0.9291516270686427,-1.2542653573063869,174.2300033569336,0.0,0.25,0.0,True
563,64.96899999998277,0.9085242255332419,-1.2560517409227367,174.18000030517578,0.0,0.25,0.0,True
564,65.06199999997625,0.9006734634157578,-1.2565113264447498,174.0800018310547,0.0,0.25,0.0,True
565,65.17200000002049,0.8885968120420545,-1.257545609451836,174.0900001525879,0.0,0.25,0.0,True
566,65.28100000001723,0.8780108195270092,-1.2589948372656359,174.03000259399414,0.0,0.25,0.0,True
567,65.39100000000326,0.8663623953940244,-1.2597514738420155,173.87000274658203,0.0,0.25,0.0,True
568,65.5,0.8556050745294344,-1.2609820626692227,173.9800033569336,0.0,0.25,0.0,True
569,65.60899999999674,0.8443439262470585,-1.2617402925631742,174.07000350952148,0.0,0.25,0.0,True
570,65.71899999998277,0.8367663790920885,-1.2625587861323182,174.02000045776367,0.0,0.25,0.0,True
571,65.85899999999674,0.8172242203041125,-1.2629326196398696,174.01000213623047,0.0,0.25,0.0,True
572,66.0,0.8046878984106963,-1.2641917205982924,173.8900032043457,0.0,0.25,0.0,True
573,66.15600000001723,0.7825675738143268,-1.266903467822069,173.62000274658203,0.0,0.25,0.0,True
574,66.28100000001723,0.7755622838923261,-1.2680678203649332,173.51000213623047,0.0,0.25,0.0,True
575,66.42200000002049,0.7691434809757903,-1.2694479289821154,173.32000350952148,0.0,0.25,0.0,True
576,66.53100000001723,0.7569705307938964,-1.2707267011909336,173.3000030517578,0.0,0.25,0.0,True
577,66.64100000000326,0.7523356409886311,-1.2715748413831351,173.29000091552734,0.0,0.25,0.0,True
578,66.75,0.7258726369997036,-1.2746271980999295,173.11000061035156,0.0,0.25,0.0,True
579,66.875,0.7156593897517697,-1.275607412786641,173.0900001525879,0.0,0.25,0.0,True
580,66.98399999999674,0.7074020310332872,-1.2765253081495955,172.88000106811523,0.0,0.25,0.0,True
581,67.09399999998277,0.700703149952251,-1.276940341524227,172.81000137329102,0.0,0.25,0.0,True
582,67.20299999997951,0.6903895262692128,-1.278591707200728,172.8000030517578,0.0,0.25,0.0,True
583,67.31199999997625,0.677133904659954,-1.2799345263319326,172.6500015258789,0.0,0.25,0.0,True
584,67.42200000002049,0.6640797959015717,-1.281905571706839,172.60000228881836,0.0,0.25,0.0,True
585,67.54700000002049,0.6527963621656122,-1.2828510736765986,172.5800018310547,0.0,0.25,0.0,True
586,67.64100000000326,0.6433051565044613,-1.284119601905531,172.42000198364258,0.0,0.25,0.0,True
587,67.76600000000326,0.6283583062283247,-1.2859376346542541,172.37000274658203,0.0,0.25,0.0,True
588,67.875,0.6147812728789692,-1.2876103444805698,172.31000137329102,0.0,0.25,0.0,True
589,67.98399999999674,0.6043028354044438,-1.288905068752036,172.21000289916992,0.0,0.25,0.0,True
590,68.09399999998277,0.5943998581773663,-1.2898742578614584,172.22000122070312,0.0,0.25,0.0,True
591,68.20299999997951,0.5864114093604939,-1.2907949058286634,172.1500015258789,0.0,0.25,0.0,True
592,68.32799999997951,0.5784075643507943,-1.2909926278804127,172.10000228881836,0.0,0.25,0.0,True
593,68.42200000002049,0.5665044114521424,-1.2925130499154893,172.0500030517578,0.0,0.25,0.0,True
594,68.53100000001723,0.5611052271587218,-1.2926567090403447,171.96000289916992,0.0,0.25,0.0,True
595,68.64100000000326,0.5406854440835834,-1.2963764218438953,171.85000228881836,0.0,0.25,0.0,True
596,68.76600000000326,0.5280072289184294,-1.2979059792251755,171.78000259399414,0.0,0.25,0.0,True
597,68.85899999999674,0.5187197132916178,-1.2992532033577198,171.6100025177002,0.0,0.25,0.0,True
598,68.98399999999674,0.5118141196149889,-1.3008458445927995,171.53000259399414,0.0,0.25,0.0,True
599,69.09399999998277,0.5048918877800601,-1.301878685207649,171.44000244140625,0.0,0.25,0.0,True
600,69.21899999998277,0.4919302444995767,-1.3036363582698698,171.31000137329102,0.0,0.25,0.0,True
601,69.32799999997951,0.47981062024636106,-1.3053481588794338,171.30000114440918,0.0,0.25,0.0,True
602,69.43699999997625,0.4675626192078134,-1.3070148064242213,171.2400016784668,0.0,0.25,0.0,True
603,69.54700000002049,0.4573110218532589,-1.3086945527232812,171.17000198364258,0.0,0.25,0.0,True
604,69.65600000001723,0.4407717601421758,-1.3112915427742158,170.9900016784668,0.0,0.25,0.0,True
605,69.76600000000326,0.43113567270394787,-1.3125085081358503,170.87000274658203,0.0,0.25,0.0,True
606,69.92200000002049,0.4190303459877776,-1.3143188330928977,170.82000160217285,0.0,0.25,0.0,True
607,70.01600000000326,0.40727009934709446,-1.3160081474467884,170.84000205993652,0.0,0.25,0.0,True
608,70.14100000000326,0.3956299563676439,-1.3177298196160327,170.72000122070312,0.0,0.25,0.0,True
609,70.23399999999674,0.3871039235417677,-1.3188816379831285,170.6800022125244,0.0,0.25,0.0,True
610,70.35899999999674,0.379473796094086,-1.3197612211482754,170.7400016784668,0.0,0.25,0.0,True
611,70.48399999999674,0.36145279652148954,-1.3219615358690828,170.59000205993652,0.0,0.25,0.0,True
612,70.59399999998277,0.3493324696283485,-1.3236846471829384,170.64000129699707,0.0,0.0,0.0,True
613,70.68699999997625,0.3425499110152435,-1.3245894983981332,170.60000228881836,0.0,0.0,0.0,True
614,70.79700000002049,0.3425499110152435,-1.3245894983981332,170.76000213623047,0.0,0.0,0.0,True
615,70.90600000001723,0.3425499110152435,-1.3245894983981332,170.63000106811523,0.0,0.0,0.0,True
616,71.01600000000326,0.3425499110152435,-1.3245894983981332,170.62000274658203,0.0,0.25,0.0,True
617,71.10899999999674,0.3425499110152435,-1.3245894983981332,170.62000274658203,0.0,0.25,0.0,True
618,71.23399999999674,0.3388460892881159,-1.3249923523708096,170.56000137329102,0.0,0.0,0.0,True
619,71.31199999997625,0.3340682125769691,-1.325524024836951,170.2100009918213,0.0,0.0,0.0,True
620,71.43699999997625,0.3340682125769691,-1.325524024836951,170.56000137329102,0.0,0.0,0.0,True
621,71.54700000002049,0.3340682125769691,-1.325524024836951,170.7000026702881,0.0,0.0,0.0,True
622,71.65600000001723,0.3340682125769691,-1.325524024836951,170.60000228881836,0.0,0.0,0.0,True
623,71.76600000000326,0.3340682125769691,-1.325524024836951,170.5800018310547,0.0,0.0,0.0,True
624,71.875,0.3340682125769691,-1.325524024836951,170.59000205993652,0.0,0.0,0.15,True
625,71.96899999998277,0.3340682125769691,-1.325524024836951,171.07000160217285,0.0,0.0,0.15,True
626,72.07799999997951,0.3340682125769691,-1.325524024836951,173.19000244140625,0.0,0.0,0.15,True
627,72.18699999997625,0.3340682125769691,-1.325524024836951,176.03000259399414,0.0,0.0,0.15,True
628,72.29700000002049,0.3340682125769691,-1.325524024836951,178.96000289916992,0.0,0.0,0.15,True
629,72.40600000001723,0.3340682125769691,-1.325524024836951,-178.02999877929688,0.0,0.0,0.15,True
630,72.51600000000326,0.3340682125769691,-1.325524024836951,-175.20999908447266,0.0,0.0,0.15,True
631,72.60899999999674,0.3340682125769691,-1.325524024836951,-172.17999649047852,0.0,0.0,0.15,True
632,72.73399999999674,0.3340682125769691,-1.325524024836951,-169.11999893188477,0.0,0.0,0.15,True
633,72.82799999997951,0.3340682125769691,-1.325524024836951,-166.07999801635742,0.0,0.0,0.15,True
634,72.93699999997625,0.3340682125769691,-1.325524024836951,-163.1599998474121,0.0,0.0,0.15,True
635,73.04700000002049,0.3340682125769691,-1.325524024836951,-160.07999801635742,0.0,0.0,0.15,True
636,73.15600000001723,0.3340682125769691,-1.325524024836951,-154.13999938964844,0.0,0.0,0.15,True
637,73.26600000000326,0.3340682125769691,-1.325524024836951,-151.15999603271484,0.0,0.0,0.15,True
638,73.375,0.3340682125769691,-1.325524024836951,-148.12999725341797,0.0,0.0,0.15,True
639,73.48399999999674,0.3340682125769691,-1.325524024836951,-145.27999877929688,0.0,0.0,0.15,True
640,73.59399999998277,0.3340682125769691,-1.325524024836951,-142.2699966430664,0.0,0.0,0.15,True
641,73.68699999997625,0.3340682125769691,-1.325524024836951,-139.08999633789062,0.0,0.0,0.15,True
642,73.81199999997625,0.3340682125769691,-1.325524024836951,-136.3300018310547,0.0,0.0,0.15,True
643,73.92200000002049,0.3340682125769691,-1.325524024836951,-133.22000122070312,0.0,0.0,0.15,True
644,74.04700000002049,0.3340682125769691,-1.325524024836951,-130.18999481201172,0.0,0.0,0.15,True
645,74.14100000000326,0.3340682125769691,-1.325524024836951,-127.1500015258789,0.0,0.0,0.15,True
646,74.25,0.3340682125769691,-1.325524024836951,-121.22000122070312,0.0,0.0,0.15,True
647,74.35899999999674,0.3340682125769691,-1.325524024836951,-118.1199951171875,0.0,0.0,0.15,True
648,74.48399999999674,0.3340682125769691,-1.325524024836951,-115.06999969482422,0.0,0.0,0.15,True
649,74.57799999997951,0.3340682125769691,-1.325524024836951,-112.0,0.0,0.0,0.15,True
650,74.68699999997625,0.3340682125769691,-1.325524024836951,-109.0,0.0,0.0,0.15,True
651,74.79700000002049,0.3340682125769691,-1.325524024836951,-105.90999603271484,0.0,0.0,0.15,True
652,74.90600000001723,0.3340682125769691,-1.325524024836951,-102.95999908447266,0.0,0.0,0.15,True
653,75.01600000000326,0.3340682125769691,-1.325524024836951,-99.79999542236328,0.0,0.0,0.15,True
654,75.125,0.3340682125769691,-1.325524024836951,-96.98999786376953,0.0,0.0,0.15,True
655,75.28100000001723,0.3340682125769691,-1.325524024836951,-90.97000122070312,0.0,0.0,0.0,True
656,75.42200000002049,0.3340682125769691,-1.325524024836951,-88.09999084472656,0.0,0.0,0.0,True
657,75.56199999997625,0.3340682125769691,-1.325524024836951,-87.95999145507812,0.0,0.0,0.0,True
658,75.76600000000326,0.3340682125769691,-1.325524024836951,-87.97000122070312,0.0,0.0,0.0,True
659,75.85899999999674,0.3340682125769691,-1.325524024836951,-87.97000122070312,0.0,0.0,0.0,True
660,75.98399999999674,0.3340682125769691,-1.325524024836951,-87.97999572753906,0.0,0.0,0.0,True
661,76.09399999998277,0.3340682125769691,-1.325524024836951,-87.97999572753906,0.0,0.0,0.0,True
662,76.21899999998277,0.3340682125769691,-1.325524024836951,-87.97999572753906,0.0,0.0,0.0,True
663,76.31199999997625,0.3340682125769691,-1.325524024836951,-87.97999572753906,0.0,0.0,0.0,True
664,76.42200000002049,0.3340682125769691,-1.325524024836951,-87.99000549316406,0.0,0.0,0.0,True
665,76.54700000002049,0.3340682125769691,-1.325524024836951,-88.0,0.0,0.0,0.0,True
666,76.73399999999674,0.3340682125769691,-1.325524024836951,-88.0,0.0,0.0,-0.15,True
667,76.82799999997951,0.3340682125769691,-1.325524024836951,-87.99000549316406,0.0,0.0,0.0,True
668,76.93699999997625,0.3340682125769691,-1.325524024836951,-88.75999450683594,0.0,0.0,0.0,True
669,77.04700000002049,0.3340682125769691,-1.325524024836951,-90.24000549316406,0.0,0.0,0.0,True
670,77.15600000001723,0.3340682125769691,-1.325524024836951,-89.88999938964844,0.0,0.0,0.0,True
671,77.26600000000326,0.3340682125769691,-1.325524024836951,-89.91999816894531,0.0,0.0,0.0,True
672,77.375,0.3340682125769691,-1.325524024836951,-89.91000366210938,0.0,0.0,0.0,True
673,77.56199999997625,0.3340682125769691,-1.325524024836951,-89.91999816894531,0.0,0.0,0.0,True
674,77.67200000002049,0.3340682125769691,-1.325524024836951,-89.91000366210938,0.0,0.0,0.0,True
675,77.78100000001723,0.3340682125769691,-1.325524024836951,-89.91000366210938,0.0,0.0,0.0,True
676,77.90600000001723,0.3340682125769691,-1.325524024836951,-89.91999816894531,0.0,0.25,0.0,True
677,78.07799999997951,0.33474289532120755,-1.3159239964995209,-90.33000183105469,0.0,0.25,0.0,True
678,78.28100000001723,0.3345552110835984,-1.3048854069771332,-90.25,0.0,0.25,0.0,True
679,78.39100000000326,0.3348447756007632,-1.2934847348575493,-90.27000427246094,0.0,0.25,0.0,True
680,78.53100000001723,0.3358167322140426,-1.2686430654579681,-90.05999755859375,0.0,0.25,0.0,True
681,78.68699999997625,0.3361748980424544,-1.2470545110229625,-89.92999267578125,0.0,0.25,0.0,True
682,78.81199999997625,0.3364743624737679,-1.2348159610161347,-89.84999084472656,0.0,0.25,0.0,True
683,78.92200000002049,0.3368341269983445,-1.2228198785407922,-89.41000366210938,0.0,0.25,0.0,True
684,79.03100000001723,0.3388575798555818,-1.2156026895577354,-89.39999389648438,0.0,0.25,0.0,True
685,79.125,0.3398124303151234,-1.2086735210362685,-89.41999816894531,0.0,0.25,0.0,True
686,79.23399999999674,0.3401516172411473,-1.1967975190568263,-89.34999084472656,0.0,0.25,0.0,True
687,79.35899999999674,0.3404869225905781,-1.1861284133966632,-89.20999145507812,0.0,0.25,0.0,True
688,79.46899999998277,0.3414447504430379,-1.165582491092999,-89.16999816894531,0.0,0.25,0.0,True
689,79.57799999997951,0.34200650577652075,-1.1598915465074937,-89.19000244140625,0.0,0.25,0.0,True
690,79.71899999998277,0.34237058662225806,-1.155192468878178,-89.03999328613281,0.0,0.25,0.0,True
691,79.81199999997625,0.3426473717821696,-1.1433163622279026,-89.00999450683594,0.0,0.25,0.0,True
692,79.93699999997625,0.3430965802679333,-1.1324947905100051,-88.94999694824219,0.0,0.25,0.0,True
693,80.04700000002049,0.3432834314892459,-1.1226571331477946,-88.89999389648438,0.0,0.25,0.0,True
694,80.15600000001723,0.3449935500202156,-1.1114723698203144,-88.92999267578125,0.0,0.25,0.0,True
695,80.26600000000326,0.3480193925435677,-1.0971460878284351,-88.80999755859375,0.0,0.25,0.0,True
696,80.375,0.3480193925435677,-1.0971460878284351,-88.80999755859375,0.0,0.25,0.0,True
697,80.5,0.34871618555818623,-1.073427918935267,-88.84999084472656,0.0,0.25,0.0,True
698,80.625,0.34962648203697455,-1.0650241333795645,-88.80999755859375,0.0,0.25,0.0,True
699,80.71899999998277,0.3499246825545564,-1.058165007834562,-88.91999816894531,0.0,0.25,0.0,True
700,80.84399999998277,0.3502216951846198,-1.0460492936424814,-88.89999389648438,0.0,0.25,0.0,True
701,80.95299999997951,0.35059101631618683,-1.0340550469741228,-88.8699951171875,0.0,0.25,0.0,True
702,81.06199999997625,0.35110967875857246,-1.021823805953173,-88.8699951171875,0.0,0.25,0.0,True
703,81.15600000001723,0.35119481020121424,-1.0018007721396838,-88.80999755859375,0.0,0.25,0.0,True
704,81.28100000001723,0.35118651048101995,-0.9933650236561556,-88.78999328613281,0.0,0.25,0.0,True
705,81.39100000000326,0.35031953767443597,-0.9886066731841704,-88.80000305175781,0.0,0.25,0.0,True
706,81.51600000000326,0.3498780150237334,-0.983506982688406,-88.80999755859375,0.0,0.25,0.0,True
707,81.67200000002049,0.35110960608280706,-0.9593214472955028,-88.75999450683594,0.0,0.25,0.0,True
708,81.82799999997951,0.3514315503844774,-0.9474464818617008,-88.83000183105469,0.0,0.25,0.0,True
709,81.93699999997625,0.3519277608708764,-0.9370521004071145,-88.75999450683594,0.0,0.25,0.0,True
710,82.04700000002049,0.3523200655194458,-0.9252986701217352,-88.78999328613281,0.0,0.25,0.0,True
711,82.15600000001723,0.3527179805947747,-0.9170693447037074,-88.80000305175781,0.0,0.25,0.0,True
712,82.25,0.3538918726053184,-0.9093827927928987,-88.77000427246094,0.0,0.25,0.0,True
713,82.35899999999674,0.3547234659726405,-0.8864963848183536,-88.72000122070312,0.0,0.25,0.0,True
714,82.48399999999674,0.3551618304998845,-0.8760830404701018,-88.70999145507812,0.0,0.25,0.0,True
715,82.59399999998277,0.35554036859534605,-0.8646731314288391,-88.72999572753906,0.0,0.25,0.0,True
716,82.70299999997951,0.3551766473839658,-0.8577530680996894,-88.70999145507812,0.0,0.25,0.0,True
717,82.81199999997625,0.35473884502741376,-0.8506929594044594,-88.66000366210938,0.0,0.25,0.0,True
718,82.92200000002049,0.35488687248125633,-0.8382142464823357,-88.74000549316406,0.0,0.25,0.0,True
719,83.01600000000326,0.3556535563601408,-0.8253889259606276,-88.75999450683594,0.0,0.25,0.0,True
720,83.14100000000326,0.35602757856040035,-0.813894326173607,-88.75999450683594,0.0,0.25,0.0,True
721,83.23399999999674,0.3556161254872187,-0.804756032290732,-88.80999755859375,0.0,0.25,0.0,True
722,83.375,0.3547890206275506,-0.7973127683298967,-88.80999755859375,0.0,0.25,0.0,True
723,83.46899999998277,0.35436984663480176,-0.778812530838305,-88.80999755859375,0.0,0.25,0.0,True
724,83.57799999997951,0.35475466892156904,-0.7668187921318194,-88.83999633789062,0.0,0.25,0.0,True
725,83.68699999997625,0.3550966839310853,-0.7557650100377354,-88.84999084472656,0.0,0.25,0.0,True
726,83.84399999998277,0.35534335681877927,-0.7455029240316043,-88.88999938964844,0.0,0.0,0.0,True
727,83.93699999997625,0.35549545225208695,-0.7375849533889007,-88.89999389648438,0.0,0.0,0.0,True
728,84.10899999999674,0.35549545225208695,-0.7375849533889007,-88.70999145507812,0.0,0.25,0.0,True
729,84.23399999999674,0.35558435264888266,-0.7367468634568328,-88.64999389648438,0.0,0.25,0.0,True
730,84.35899999999674,0.35576641901911765,-0.7285906452941442,-89.02999877929688,0.0,0.25,0.0,True
731,84.46899999998277,0.3559974609269713,-0.7171146471265782,-89.05000305175781,0.0,0.25,0.0,True
732,84.57799999997951,0.356191700570401,-0.7093171700445139,-89.09999084472656,0.0,0.25,0.0,True
733,84.68699999997625,0.35714683382877427,-0.6808913237184113,-89.06999206542969,0.0,0.25,0.0,True
734,84.79700000002049,0.3574861978115161,-0.6686561962977822,-89.02999877929688,0.0,0.25,0.0,True
735,84.92200000002049,0.3579014013602862,-0.6567825001977091,-88.97000122070312,0.0,0.25,0.0,True
736,85.03100000001723,0.3584057602944307,-0.644310544552469,-89.02000427246094,0.0,0.25,0.0,True
737,85.15600000001723,0.35877673179528413,-0.6306359875561065,-89.0,0.0,0.25,0.0,True
738,85.28100000001723,0.3587524674626934,-0.608705386104949,-88.95999145507812,0.0,0.25,0.0,True
739,85.375,0.357702340816407,-0.6008284731173599,-89.00999450683594,0.0,0.25,0.0,True
740,85.5,0.3570632521492189,-0.5941587135300083,-88.95999145507812,0.0,0.25,0.0,True
741,85.60899999999674,0.35756936209160517,-0.5821671933420406,-88.84999084472656,0.0,0.25,0.0,True
742,85.73399999999674,0.35786043927861877,-0.5698112955652013,-89.02000427246094,0.0,0.25,0.0,True
743,85.82799999997951,0.35835435417898936,-0.5593411794715821,-88.91999816894531,0.0,0.25,0.0,True
744,85.93699999997625,0.35896237275943493,-0.5518163292372587,-88.88999938964844,0.0,0.25,0.0,True
745,86.04700000002049,0.3597249453231914,-0.5448600394916604,-88.97999572753906,0.0,0.25,0.0,True
746,86.15600000001723,0.3610296685313497,-0.5370709823273122,-89.0,0.0,0.25,0.0,True
747,86.26600000000326,0.3615524963689745,-0.5236393337083228,-88.94000244140625,0.0,0.25,0.0,True
748,86.375,0.3623146089789883,-0.5003515462577565,-89.02999877929688,0.0,0.25,0.0,True
749,86.48399999999674,0.3625372653118056,-0.4903822097995904,-89.05000305175781,0.0,0.25,0.0,True
750,86.60899999999674,0.3618644050162605,-0.48197361992405185,-89.05999755859375,0.0,0.25,0.0,True
751,86.70299999997951,0.36143695070124826,-0.47508568814422,-89.08999633789062,0.0,0.25,0.0,True
752,86.82799999997951,0.3619816767961436,-0.46321399600415974,-89.02000427246094,0.0,0.25,0.0,True
753,86.93699999997625,0.3624066288820264,-0.4506203451579493,-89.02000427246094,0.0,0.25,0.0,True
754,87.06199999997625,0.36357416699912143,-0.44015181909332024,-89.00999450683594,0.0,0.25,0.0,True
755,87.17200000002049,0.3648467298865411,-0.43147440432136525,-88.94999694824219,0.0,0.25,0.0,True
756,87.28100000001723,0.3664840372716825,-0.41079741323947616,-89.00999450683594,0.0,0.25,0.0,True
757,87.39100000000326,0.3679362980754739,-0.40599742638643094,-88.94999694824219,0.0,0.25,0.0,True
758,87.51600000000326,0.368439461807059,-0.39376553233611095,-88.99000549316406,0.0,0.25,0.0,True
759,87.64100000000326,0.3687893850751342,-0.38201082182745416,-88.99000549316406,0.0,0.25,0.0,True
760,87.76600000000326,0.36915222934569913,-0.36953626758546015,-88.92999267578125,0.0,0.0,0.0,True
761,87.85899999999674,0.369808304751691,-0.3573079557910509,-88.89999389648438,0.0,0.0,0.0,True
762,87.96899999998277,0.369808304751691,-0.3573079557910509,-88.94999694824219,0.0,0.0,0.0,True
763,88.07799999997951,0.369808304751691,-0.3573079557910509,-89.25,0.0,0.0,0.0,True
764,88.20299999997951,0.369808304751691,-0.3573079557910509,-89.25,0.0,0.0,0.0,True
765,88.28100000001723,0.369808304751691,-0.3573079557910509,-89.25999450683594,0.0,0.0,0.15,True
766,88.42200000002049,0.369808304751691,-0.3573079557910509,-89.25999450683594,0.0,0.0,0.15,True
767,88.53100000001723,0.369808304751691,-0.3573079557910509,-87.74000549316406,0.0,0.0,0.15,True
768,88.64100000000326,0.369808304751691,-0.3573079557910509,-84.75999450683594,0.0,0.0,0.15,True
769,88.75,0.369808304751691,-0.3573079557910509,-82.06999206542969,0.0,0.0,0.15,True
770,88.85899999999674,0.369808304751691,-0.3573079557910509,-79.22000122070312,0.0,0.0,0.15,True
771,88.96899999998277,0.369808304751691,-0.3573079557910509,-76.05999755859375,0.0,0.0,0.15,True
772,89.07799999997951,0.369808304751691,-0.3573079557910509,-70.13999938964844,0.0,0.0,0.15,True
773,89.18699999997625,0.369808304751691,-0.3573079557910509,-67.22000122070312,0.0,0.0,0.15,True
774,89.29700000002049,0.369808304751691,-0.3573079557910509,-64.22999572753906,0.0,0.0,0.15,True
775,89.40600000001723,0.369808304751691,-0.3573079557910509,-61.24000549316406,0.0,0.0,0.15,True
776,89.53100000001723,0.369808304751691,-0.3573079557910509,-58.1300048828125,0.0,0.0,0.15,True
777,89.71899999998277,0.369808304751691,-0.3573079557910509,-52.27000427246094,0.0,0.0,0.15,True
778,89.84399999998277,0.369808304751691,-0.3573079557910509,-49.30000305175781,0.0,0.0,0.15,True
779,89.96899999998277,0.369808304751691,-0.3573079557910509,-46.25,0.0,0.0,0.15,True
780,90.07799999997951,0.369808304751691,-0.3573079557910509,-43.3699951171875,0.0,0.0,0.15,True
781,90.18699999997625,0.369808304751691,-0.3573079557910509,-37.34999084472656,0.0,0.0,0.15,True
782,90.31199999997625,0.369808304751691,-0.3573079557910509,-34.22999572753906,0.0,0.0,0.15,True
783,90.40600000001723,0.369808304751691,-0.3573079557910509,-31.080001831054688,0.0,0.0,0.15,True
784,90.51600000000326,0.369808304751691,-0.3573079557910509,-28.270004272460938,0.0,0.0,0.15,True
785,90.625,0.369808304751691,-0.3573079557910509,-25.25,0.0,0.0,0.15,True
786,90.75,0.369808304751691,-0.3573079557910509,-22.099990844726562,0.0,0.0,0.15,True
787,90.85899999999674,0.369808304751691,-0.3573079557910509,-19.1300048828125,0.0,0.0,0.15,True
788,90.96899999998277,0.369808304751691,-0.3573079557910509,-16.1300048828125,0.0,0.0,0.15,True
789,91.14100000000326,0.369808304751691,-0.3573079557910509,-10.009994506835938,0.0,0.0,0.15,True
790,91.26600000000326,0.369808304751691,-0.3573079557910509,-6.9499969482421875,0.0,0.0,0.15,True
791,91.375,0.369808304751691,-0.3573079557910509,-3.779998779296875,0.0,0.0,0.15,True
792,91.48399999999674,0.369808304751691,-0.3573079557910509,-1.0399932861328125,0.0,0.0,0.0,True
793,91.57799999997951,0.369808304751691,-0.3573079557910509,2.0500030517578125,0.0,0.0,0.0,True
794,91.71899999998277,0.369808304751691,-0.3573079557910509,4.9600067138671875,0.0,0.0,0.0,True
795,91.81199999997625,0.369808304751691,-0.3573079557910509,5.0,0.0,0.0,0.0,True
796,91.92200000002049,0.369808304751691,-0.3573079557910509,5.0099945068359375,0.0,0.0,0.0,True
797,92.125,0.369808304751691,-0.3573079557910509,5.0099945068359375,0.0,0.0,0.0,True
798,92.23399999999674,0.369808304751691,-0.3573079557910509,5.0099945068359375,0.0,0.0,0.0,True
799,92.34399999998277,0.369808304751691,-0.3573079557910509,5.0099945068359375,0.0,0.0,0.0,True
800,92.45299999997951,0.369808304751691,-0.3573079557910509,5.0099945068359375,0.0,0.0,0.0,True
801,92.56199999997625,0.369808304751691,-0.3573079557910509,5.0099945068359375,0.0,0.0,0.0,True
802,92.68699999997625,0.369808304751691,-0.3573079557910509,5.0099945068359375,0.0,0.0,0.0,True
803,92.78100000001723,0.369808304751691,-0.3573079557910509,5.0099945068359375,0.0,0.0,0.0,True
804,92.89100000000326,0.369808304751691,-0.3573079557910509,5.0099945068359375,0.0,0.0,0.0,True
805,93.01600000000326,0.369808304751691,-0.3573079557910509,5.0099945068359375,0.0,0.0,0.0,True
806,93.14100000000326,0.369808304751691,-0.3573079557910509,5.0099945068359375,0.0,0.0,0.0,True
807,93.23399999999674,0.369808304751691,-0.3573079557910509,5.0099945068359375,0.0,0.0,0.0,True
808,93.34399999998277,0.369808304751691,-0.3573079557910509,5.0099945068359375,0.0,0.0,0.0,True
809,93.46899999998277,0.369808304751691,-0.3573079557910509,5.0200042724609375,0.0,0.0,0.0,True
810,93.57799999997951,0.369808304751691,-0.3573079557910509,5.0200042724609375,0.0,0.0,0.0,True
811,93.75,0.369808304751691,-0.3573079557910509,5.0099945068359375,0.0,0.0,0.0,True
812,93.875,0.369808304751691,-0.3573079557910509,5.0099945068359375,0.0,0.0,0.0,True
813,94.07799999997951,0.369808304751691,-0.3573079557910509,5.0200042724609375,0.0,0.0,0.0,True
814,94.29700000002049,0.369808304751691,-0.3573079557910509,5.0099945068359375,0.0,0.0,-0.15,True
815,94.46899999998277,0.369808304751691,-0.3573079557910509,4.9600067138671875,0.0,0.0,0.0,True
816,94.60899999999674,0.369808304751691,-0.3573079557910509,1.30999755859375,0.0,0.0,0.0,True
817,94.70299999997951,0.369808304751691,-0.3573079557910509,1.3699951171875,0.0,0.0,0.0,True
818,94.82799999997951,0.369808304751691,-0.3573079557910509,1.32000732421875,0.0,0.0,0.0,True
819,94.92200000002049,0.369808304751691,-0.3573079557910509,1.32000732421875,0.0,0.0,0.0,True
820,95.03100000001723,0.369808304751691,-0.3573079557910509,1.32000732421875,0.0,0.0,0.0,True
821,95.15600000001723,0.369808304751691,-0.3573079557910509,1.30999755859375,0.0,0.0,0.0,True
822,95.26600000000326,0.369808304751691,-0.3573079557910509,1.32000732421875,0.0,0.0,0.0,True
823,95.375,0.369808304751691,-0.3573079557910509,1.32000732421875,0.0,0.0,0.0,True
824,95.48399999999674,0.369808304751691,-0.3573079557910509,1.3300018310546875,0.0,0.0,0.0,True
825,95.60899999999674,0.369808304751691,-0.3573079557910509,1.32000732421875,0.0,0.0,0.0,True
826,95.71899999998277,0.369808304751691,-0.3573079557910509,1.32000732421875,0.0,0.0,0.0,True
827,95.82799999997951,0.369808304751691,-0.3573079557910509,1.3300018310546875,0.0,0.0,0.0,True
828,95.93699999997625,0.369808304751691,-0.3573079557910509,1.3300018310546875,0.0,0.0,0.0,True
829,96.04700000002049,0.369808304751691,-0.3573079557910509,1.3300018310546875,0.0,0.0,0.0,True
830,96.18699999997625,0.369808304751691,-0.3573079557910509,1.3300018310546875,0.0,0.0,0.0,True
831,96.28100000001723,0.369808304751691,-0.3573079557910509,1.3300018310546875,0.0,-0.25,0.0,True
832,96.40600000001723,0.369808304751691,-0.3573079557910509,1.3300018310546875,0.0,-0.25,0.0,True
833,96.51600000000326,0.369808304751691,-0.3573079557910509,1.32000732421875,0.0,-0.25,0.0,True
834,96.625,0.3460616627075894,-0.3564606786351773,0.9799957275390625,0.0,-0.25,0.0,True
835,96.71899999998277,0.3346676644433315,-0.3560584260813161,0.9499969482421875,0.0,-0.25,0.0,True
836,96.84399999998277,0.3246049451480902,-0.35584163581901984,0.9199981689453125,0.0,-0.25,0.0,True
837,96.95299999997951,0.31629871074003857,-0.3556753746628983,0.8800048828125,0.0,-0.25,0.0,True
838,97.06199999997625,0.3093378057082807,-0.35530771113810544,0.94000244140625,0.0,-0.25,0.0,True
839,97.15600000001723,0.2996517869617279,-0.35513698570964897,0.910003662109375,0.0,-0.25,0.0,True
840,97.26600000000326,0.2882530539027672,-0.35501771737008025,0.970001220703125,0.0,-0.25,0.0,True
841,97.375,0.27637699703010593,-0.3547423158814164,1.0500030517578125,0.0,-0.25,0.0,True
842,97.48399999999674,0.2647025711847262,-0.3544627344401675,1.05999755859375,0.0,-0.25,0.0,True
843,97.59399999998277,0.24741891376644845,-0.3539143997014982,1.1100006103515625,0.0,-0.25,0.0,True
844,97.71899999998277,0.2420609261325282,-0.3540900152334842,1.1399993896484375,0.0,-0.25,0.0,True
845,97.84399999998277,0.2328193339751553,-0.35411027787402505,1.1500091552734375,0.0,-0.25,0.0,True
846,97.95299999997951,0.22046970897732127,-0.3535154122264131,1.160003662109375,0.0,-0.25,0.0,True
847,98.06199999997625,0.20947540944635826,-0.3534680052997528,1.1999969482421875,0.0,-0.25,0.0,True
848,98.17200000002049,0.19820183210346728,-0.3530773107473163,1.3000030517578125,0.0,-0.25,0.0,True
849,98.26600000000326,0.19370234732078814,-0.35212222978705954,1.3000030517578125,0.0,-0.25,0.0,True
850,98.39100000000326,0.18110173530182874,-0.3520287169519049,1.540008544921875,0.0,-0.25,0.0,True
851,98.5,0.1681604702567897,-0.35119449467494634,1.4300079345703125,0.0,-0.25,0.0,True
852,98.60899999999674,0.15508724919245706,-0.3507961308696352,1.4499969482421875,0.0,-0.25,0.0,True
853,98.71899999998277,0.14450280429723708,-0.3501183153415488,1.4799957275390625,0.0,-0.25,0.0,True
854,98.84399999998277,0.13594537228801049,-0.3497176519371039,1.4499969482421875,0.0,-0.25,0.0,True
855,98.93699999997625,0.12906060297944288,-0.3490429490406882,1.44000244140625,0.0,-0.25,0.0,True
856,99.06199999997625,0.12373205520380755,-0.34861689497737397,1.6399993896484375,0.0,-0.25,0.0,True
857,99.17200000002049,0.11234673096489593,-0.3479563026443849,1.5200042724609375,0.0,-0.25,0.0,True
858,99.28100000001723,0.10107842060987704,-0.347389380773053,1.4000091552734375,0.0,-0.25,0.0,True
859,99.39100000000326,0.08956630053191107,-0.3469591585961037,1.5500030517578125,0.0,-0.25,0.0,True
860,99.51600000000326,0.06921197176803243,-0.34602498124327935,1.540008544921875,0.0,-0.25,0.0,True
861,99.625,0.06154722076768936,-0.34527192904761267,1.5800018310546875,0.0,-0.25,0.0,True
862,99.75,0.05649837733628277,-0.3452781319541779,1.6100006103515625,0.0,-0.25,0.0,True
863,99.85899999999674,0.04648401910254015,-0.34467047852478017,1.589996337890625,0.0,-0.25,0.0,True
864,99.96899999998277,0.034493238936266706,-0.34420156718201445,1.5800018310546875,0.0,0.0,0.0,True
865,100.06199999997625,0.025259509856113194,-0.34387096814583973,1.660003662109375,0.0,0.0,0.0,True
866,100.20299999997951,0.025259509856113194,-0.34387096814583973,1.5800018310546875,0.0,0.0,0.0,True
867,100.29700000002049,0.025259509856113194,-0.34387096814583973,1.4499969482421875,0.0,0.0,0.0,True
868,100.40600000001723,0.025259509856113194,-0.34387096814583973,1.3800048828125,0.0,0.0,0.0,True
869,100.51600000000326,0.025259509856113194,-0.34387096814583973,1.3800048828125,0.0,0.0,0.0,True
870,100.625,0.025259509856113194,-0.34387096814583973,1.3699951171875,0.0,0.0,0.0,True
871,100.75,0.025259509856113194,-0.34387096814583973,1.3699951171875,0.0,0.0,0.0,True
872,100.85899999999674,0.025259509856113194,-0.34387096814583973,1.3800048828125,0.0,0.0,0.0,True
873,100.98399999999674,0.025259509856113194,-0.34387096814583973,1.3800048828125,0.0,0.0,0.0,True
874,101.09399999998277,0.025259509856113194,-0.34387096814583973,1.3699951171875,-0.25,0.0,0.0,True
875,101.18699999997625,0.025259509856113194,-0.34387096814583973,1.3699951171875,-0.25,0.0,0.0,True
876,101.31199999997625,0.02493290017202166,-0.34743447692567514,1.19000244140625,0.0,0.0,0.0,True
877,101.42200000002049,0.02479163941963134,-0.34848822948034963,0.8300018310546875,0.0,0.0,0.0,True
878,101.53100000001723,0.02479163941963134,-0.34848822948034963,0.7100067138671875,0.0,0.0,0.0,True
879,101.65600000001723,0.02479163941963134,-0.34848822948034963,0.790008544921875,-0.25,0.0,0.0,True
880,101.76600000000326,0.02479163941963134,-0.34848822948034963,0.8000030517578125,-0.25,0.0,0.0,True
881,101.92200000002049,0.023026604563340183,-0.35548815797571226,0.6500091552734375,-0.25,0.0,0.0,True
882,102.09399999998277,0.02272401477784813,-0.3606703431440258,0.660003662109375,0.0,0.0,0.0,True
883,102.18699999997625,0.022690511988292566,-0.3646191863327342,0.339996337890625,0.0,0.0,0.0,True
884,102.31199999997625,0.022690511988292566,-0.3646191863327342,0.040008544921875,-0.25,0.0,0.0,True
885,102.42200000002049,0.0226931398220689,-0.3655048625947939,-0.149993896484375,-0.25,0.0,0.0,True
886,102.53100000001723,0.022342972347807882,-0.3687761534782683,-0.30999755859375,0.0,0.0,0.0,True
887,102.64100000000326,0.022351027276143052,-0.36990178759113473,-0.5999908447265625,0.0,0.0,0.0,True
888,102.75,0.022351027276143052,-0.36990178759113473,-0.8300018310546875,-0.25,0.0,0.0,True
889,102.85899999999674,0.022351027276143052,-0.36990178759113473,-0.7899932861328125,-0.25,0.0,0.0,True
890,102.96899999998277,0.02253662629988032,-0.37463730743923485,-0.8899993896484375,0.0,0.0,0.0,True
891,103.06199999997625,0.022462330384541884,-0.377051018419158,-1.4499969482421875,0.0,0.0,0.0,True
892,103.18699999997625,0.022462330384541884,-0.377051018419158,-1.7599945068359375,0.0,0.0,0.0,True
893,103.29700000002049,0.022462330384541884,-0.377051018419158,-1.8199920654296875,0.0,0.0,0.0,True
894,103.40600000001723,0.022462330384541884,-0.377051018419158,-1.8199920654296875,0.0,0.0,0.0,True
895,103.51600000000326,0.022462330384541884,-0.377051018419158,-1.8199920654296875,0.0,0.0,0.0,True
896,103.625,0.022462330384541884,-0.377051018419158,-1.8300018310546875,0.0,0.0,0.0,True
897,103.73399999999674,0.022462330384541884,-0.377051018419158,-1.8300018310546875,0.0,0.0,0.0,True
898,103.85899999999674,0.022462330384541884,-0.377051018419158,-1.8199920654296875,0.0,0.0,0.0,True
899,103.95299999997951,0.022462330384541884,-0.377051018419158,-1.8300018310546875,0.0,0.0,0.0,True
900,104.09399999998277,0.022462330384541884,-0.377051018419158,-1.8300018310546875,0.0,0.0,0.0,True
901,104.20299999997951,0.022462330384541884,-0.377051018419158,-1.839996337890625,0.0,0.0,0.0,True
902,104.29700000002049,0.022462330384541884,-0.377051018419158,-1.839996337890625,0.0,0.0,0.0,True
903,104.40600000001723,0.022462330384541884,-0.377051018419158,-1.8300018310546875,0.0,0.0,0.0,True
904,104.51600000000326,0.022462330384541884,-0.377051018419158,-1.839996337890625,0.0,0.0,0.0,True
905,104.625,0.022462330384541884,-0.377051018419158,-1.839996337890625,0.0,0.0,0.0,True
906,104.73399999999674,0.022462330384541884,-0.377051018419158,-1.839996337890625,0.0,0.0,0.0,True
907,104.84399999998277,0.022462330384541884,-0.377051018419158,-1.8300018310546875,0.0,0.0,0.0,True
908,104.95299999997951,0.022462330384541884,-0.377051018419158,-1.8300018310546875,0.0,0.0,0.0,True
909,105.06199999997625,0.022462330384541884,-0.377051018419158,-1.839996337890625,0.0,0.0,0.0,True
910,105.17200000002049,0.022462330384541884,-0.377051018419158,-1.8499908447265625,0.0,0.0,0.0,True
911,105.28100000001723,0.022462330384541884,-0.377051018419158,-1.839996337890625,0.0,0.0,0.0,True
912,105.39100000000326,0.022462330384541884,-0.377051018419158,-1.839996337890625,0.0,0.0,0.0,True
913,105.5,0.022462330384541884,-0.377051018419158,-1.8499908447265625,0.0,0.0,0.0,True
914,105.60899999999674,0.022462330384541884,-0.377051018419158,-1.8499908447265625,0.0,0.0,0.0,True
915,105.70299999997951,0.022462330384541884,-0.377051018419158,-1.8499908447265625,0.0,0.0,0.0,True
916,105.82799999997951,0.022462330384541884,-0.377051018419158,-1.8499908447265625,0.0,0.0,0.0,True
917,105.93699999997625,0.022462330384541884,-0.377051018419158,-1.839996337890625,0.0,0.0,0.0,True
918,106.04700000002049,0.022462330384541884,-0.377051018419158,-1.8499908447265625,0.0,0.0,0.0,True
919,106.17200000002049,0.022462330384541884,-0.377051018419158,-1.8499908447265625,0.0,0.0,0.0,True
920,106.29700000002049,0.022462330384541884,-0.377051018419158,-1.8600006103515625,0.0,0.0,0.0,True
921,106.42200000002049,0.022462330384541884,-0.377051018419158,-1.8499908447265625,0.0,0.0,0.0,True
922,106.53100000001723,0.022462330384541884,-0.377051018419158,-1.8499908447265625,0.0,0.0,0.0,True
923,106.64100000000326,0.022462330384541884,-0.377051018419158,-1.8499908447265625,0.0,0.0,0.0,True
924,106.76600000000326,0.022462330384541884,-0.377051018419158,-1.8499908447265625,0.0,0.0,0.0,True
925,106.85899999999674,0.022462330384541884,-0.377051018419158,-1.8499908447265625,0.0,0.0,0.0,True
926,106.98399999999674,0.022462330384541884,-0.377051018419158,-1.8499908447265625,0.0,0.0,0.0,True
927,107.09399999998277,0.022462330384541884,-0.377051018419158,-1.8600006103515625,0.0,0.0,0.0,True
928,107.20299999997951,0.022462330384541884,-0.377051018419158,-1.8600006103515625,0.0,0.0,0.0,True
929,107.29700000002049,0.022462330384541884,-0.377051018419158,-1.8600006103515625,0.0,0.0,0.0,True
930,107.42200000002049,0.022462330384541884,-0.377051018419158,-1.8499908447265625,0.0,0.0,0.0,True
931,107.53100000001723,0.022462330384541884,-0.377051018419158,-1.8499908447265625,0.0,0.0,0.0,True
932,107.64100000000326,0.022462330384541884,-0.377051018419158,-1.8600006103515625,0.0,0.0,0.0,True
933,107.75,0.022462330384541884,-0.377051018419158,-1.8600006103515625,0.0,0.0,0.0,True
934,107.875,0.022462330384541884,-0.377051018419158,-1.8600006103515625,0.0,0.0,0.0,True
935,107.96899999998277,0.022462330384541884,-0.377051018419158,-1.8600006103515625,0.0,0.0,0.0,True
936,108.07799999997951,0.022462330384541884,-0.377051018419158,-1.8600006103515625,0.0,0.0,0.0,True
937,108.18699999997625,0.022462330384541884,-0.377051018419158,-1.8600006103515625,0.0,0.0,0.0,True
938,108.29700000002049,0.022462330384541884,-0.377051018419158,-1.8600006103515625,0.0,0.0,0.0,True
939,108.42200000002049,0.022462330384541884,-0.377051018419158,-1.8600006103515625,0.0,0.0,0.0,True
940,108.53100000001723,0.022462330384541884,-0.377051018419158,-1.8600006103515625,0.0,0.0,0.0,True
941,108.64100000000326,0.022462330384541884,-0.377051018419158,-1.8600006103515625,0.0,0.0,0.0,True
942,108.75,0.022462330384541884,-0.377051018419158,-1.8600006103515625,0.0,0.0,0.0,True
943,108.875,0.022462330384541884,-0.377051018419158,-1.8600006103515625,0.0,0.0,0.0,True
944,109.03100000001723,0.022462330384541884,-0.377051018419158,-1.8600006103515625,0.0,0.0,0.0,True
945,109.125,0.022462330384541884,-0.377051018419158,-1.8600006103515625,0.0,0.0,0.0,True
946,109.25,0.022462330384541884,-0.377051018419158,-1.8600006103515625,0.0,0.0,0.0,True
947,109.34399999998277,0.022462330384541884,-0.377051018419158,-1.8600006103515625,0.0,0.0,0.0,True
948,109.45299999997951,0.022462330384541884,-0.377051018419158,-1.8499908447265625,0.0,0.0,0.0,True
949,109.56199999997625,0.022462330384541884,-0.377051018419158,-1.8499908447265625,0.0,0.0,0.0,True
950,109.68699999997625,0.022462330384541884,-0.377051018419158,-1.8499908447265625,0.0,0.0,0.0,True
951,109.78100000001723,0.022462330384541884,-0.377051018419158,-1.8600006103515625,0.0,0.0,0.0,True
952,109.89100000000326,0.022462330384541884,-0.377051018419158,-1.8600006103515625,0.0,0.0,0.0,True
953,110.0,0.022462330384541884,-0.377051018419158,-1.8499908447265625,0.0,0.0,0.0,True
954,110.10899999999674,0.022462330384541884,-0.377051018419158,-1.8499908447265625,0.0,0.0,0.0,True
955,110.21899999998277,0.022462330384541884,-0.377051018419158,-1.8600006103515625,0.0,0.0,0.0,True
956,110.375,0.022462330384541884,-0.377051018419158,-1.8600006103515625,0.0,0.0,0.0,True
957,110.48399999999674,0.022462330384541884,-0.377051018419158,-1.8600006103515625,0.0,0.0,0.0,True
958,110.59399999998277,0.022462330384541884,-0.377051018419158,-1.8499908447265625,0.0,0.0,0.0,True
959,110.70299999997951,0.022462330384541884,-0.377051018419158,-1.8600006103515625,0.0,0.0,0.0,True
960,110.81199999997625,0.022462330384541884,-0.377051018419158,-1.8600006103515625,0.0,0.0,0.0,True
961,110.92200000002049,0.022462330384541884,-0.377051018419158,-1.8600006103515625,0.0,0.0,0.0,True
962,111.04700000002049,0.022462330384541884,-0.377051018419158,-1.8499908447265625,0.0,0.0,0.0,True
963,111.15600000001723,0.022462330384541884,-0.377051018419158,-1.8499908447265625,0.0,0.0,0.0,True
964,111.26600000000326,0.022462330384541884,-0.377051018419158,-1.8499908447265625,0.0,0.0,0.0,True
965,111.39100000000326,0.022462330384541884,-0.377051018419158,-1.8499908447265625,0.0,0.0,0.0,True
966,111.57799999997951,0.022462330384541884,-0.377051018419158,-1.839996337890625,0.0,0.0,0.0,True
967,111.68699999997625,0.022462330384541884,-0.377051018419158,-1.8300018310546875,0.0,0.0,0.0,True
968,111.79700000002049,0.022462330384541884,-0.377051018419158,-1.8300018310546875,0.0,0.0,0.0,True
969,111.93699999997625,0.022462330384541884,-0.377051018419158,-1.8300018310546875,0.0,0.0,0.0,True
970,112.06199999997625,0.022462330384541884,-0.377051018419158,-1.8199920654296875,0.0,0.0,0.0,True
971,112.17200000002049,0.022462330384541884,-0.377051018419158,-1.8199920654296875,0.0,0.0,0.0,True
972,112.29700000002049,0.022462330384541884,-0.377051018419158,-1.8199920654296875,0.0,0.0,0.0,True
973,112.40600000001723,0.022462330384541884,-0.377051018419158,-1.8300018310546875,0.0,0.0,0.0,True
974,112.56199999997625,0.022462330384541884,-0.377051018419158,-1.80999755859375,0.0,0.0,0.0,True
975,112.67200000002049,0.022462330384541884,-0.377051018419158,-1.80999755859375,0.0,0.0,0.0,True
976,112.78100000001723,0.022462330384541884,-0.377051018419158,-1.8199920654296875,0.0,0.0,0.0,True
977,112.89100000000326,0.022462330384541884,-0.377051018419158,-1.80999755859375,0.0,0.0,0.0,True
978,113.0,0.022462330384541884,-0.377051018419158,-1.8000030517578125,0.0,0.0,0.0,True
979,113.09399999998277,0.022462330384541884,-0.377051018419158,-1.8000030517578125,0.0,0.0,0.0,True
980,113.20299999997951,0.022462330384541884,-0.377051018419158,-1.8000030517578125,0.0,0.0,0.0,True
981,113.31199999997625,0.022462330384541884,-0.377051018419158,-1.8000030517578125,0.0,0.0,0.0,True
982,113.42200000002049,0.022462330384541884,-0.377051018419158,-1.8000030517578125,0.0,0.0,0.0,True
983,113.53100000001723,0.022462330384541884,-0.377051018419158,-1.7899932861328125,0.0,0.0,0.0,True
984,113.67200000002049,0.022462330384541884,-0.377051018419158,-1.7899932861328125,0.0,0.0,0.0,True
985,113.89100000000326,0.022462330384541884,-0.377051018419158,-1.7899932861328125,0.0,0.0,0.0,True
986,114.17200000002049,0.022462330384541884,-0.377051018419158,-1.779998779296875,0.0,0.0,0.0,True
987,114.54700000002049,0.022462330384541884,-0.377051018419158,-1.7700042724609375,0.0,0.0,0.0,True
988,114.79700000002049,0.022462330384541884,-0.377051018419158,-1.779998779296875,0.0,0.0,0.0,True
989,114.95299999997951,0.022462330384541884,-0.377051018419158,-1.7700042724609375,0.0,0.0,0.0,True
990,115.10899999999674,0.022462330384541884,-0.377051018419158,-1.7599945068359375,0.0,0.0,0.0,True
991,115.21899999998277,0.022462330384541884,-0.377051018419158,-1.7599945068359375,0.0,0.0,0.0,True
992,115.32799999997951,0.022462330384541884,-0.377051018419158,-1.7700042724609375,0.0,0.0,0.0,True
993,115.43699999997625,0.022462330384541884,-0.377051018419158,-1.7599945068359375,0.0,0.0,0.0,True
994,115.59399999998277,0.022462330384541884,-0.377051018419158,-1.7599945068359375,0.0,0.0,0.0,True
995,115.76600000000326,0.022462330384541884,-0.377051018419158,-1.7599945068359375,0.0,0.0,0.0,True
996,116.39100000000326,0.022462330384541884,-0.377051018419158,-1.7400054931640625,0.0,0.0,0.0,True
997,116.98399999999674,0.022462330384541884,-0.377051018419158,-1.7299957275390625,0.0,0.0,0.0,True
998,117.65600000001723,0.022462330384541884,-0.377051018419158,-1.720001220703125,0.0,0.0,0.0,True
999,118.15600000001723,0.022462330384541884,-0.377051018419158,-1.6999969482421875,0.0,0.0,0.0,True
1000,118.79700000002049,0.022462330384541884,-0.377051018419158,-1.6999969482421875,0.0,0.0,0.0,True
1001,119.34399999998277,0.022462330384541884,-0.377051018419158,-1.6999969482421875,0.0,0.0,0.0,True
1002,119.93699999997625,0.022462330384541884,-0.377051018419158,-1.6999969482421875,0.0,0.0,0.0,True
1003,120.56199999997625,0.022462330384541884,-0.377051018419158,-1.709991455078125,0.0,0.0,0.0,True
1004,121.18699999997625,0.022462330384541884,-0.377051018419158,-1.709991455078125,0.0,0.0,0.0,True
1005,121.79700000002049,0.022462330384541884,-0.377051018419158,-1.709991455078125,0.0,0.0,0.0,True
1006,122.45299999997951,0.022462330384541884,-0.377051018419158,-1.720001220703125,0.0,0.0,0.0,True
1007,122.98399999999674,0.022462330384541884,-0.377051018419158,-1.7299957275390625,0.0,0.0,0.0,True
1008,123.59399999998277,0.022462330384541884,-0.377051018419158,-1.7299957275390625,0.0,0.0,0.0,True
1009,124.20299999997951,0.022462330384541884,-0.377051018419158,-1.7400054931640625,0.0,0.0,0.0,True
1010,124.79700000002049,0.022462330384541884,-0.377051018419158,-1.7299957275390625,0.0,0.0,0.0,True
1011,125.46899999998277,0.022462330384541884,-0.377051018419158,-1.75,0.0,0.0,0.0,True
1012,126.14100000000326,0.022462330384541884,-0.377051018419158,-1.75,0.0,0.0,0.0,True
1013,126.78100000001723,0.022462330384541884,-0.377051018419158,-1.75,0.0,0.0,0.0,True
1014,127.45299999997951,0.022462330384541884,-0.377051018419158,-1.7599945068359375,0.0,0.0,0.0,True
1015,128.03100000001723,0.022462330384541884,-0.377051018419158,-1.7700042724609375,0.0,0.0,0.0,True
1016,128.65600000001723,0.022462330384541884,-0.377051018419158,-1.779998779296875,0.0,0.0,0.0,True
1017,129.25,0.022462330384541884,-0.377051018419158,-1.779998779296875,0.0,0.0,0.0,True
1018,130.01600000000326,0.022462330384541884,-0.377051018419158,-1.779998779296875,0.0,0.0,0.0,True
1019,130.56199999997625,0.022462330384541884,-0.377051018419158,-1.7899932861328125,0.0,0.0,0.0,True
1020,131.14100000000326,0.022462330384541884,-0.377051018419158,-1.7899932861328125,0.0,0.0,0.0,True
1021,131.75,0.022462330384541884,-0.377051018419158,-1.8000030517578125,0.0,0.0,0.0,True
1022,132.375,0.022462330384541884,-0.377051018419158,-1.8000030517578125,0.0,0.0,0.0,True
1023,132.96899999998277,0.022462330384541884,-0.377051018419158,-1.80999755859375,0.0,0.0,0.0,True
1024,133.68699999997625,0.022462330384541884,-0.377051018419158,-1.8199920654296875,0.0,0.0,0.0,True
1025,134.26600000000326,0.022462330384541884,-0.377051018419158,-1.8300018310546875,0.0,0.0,0.0,True
1026,134.93699999997625,0.022462330384541884,-0.377051018419158,-1.8300018310546875,0.0,0.0,0.0,True
1027,135.5779999999795,0.022462330384541884,-0.377051018419158,-1.8300018310546875,0.0,0.0,0.0,True
1028,136.23399999999674,0.022462330384541884,-0.377051018419158,-1.839996337890625,0.0,0.0,0.0,True
1029,136.84399999998277,0.022462330384541884,-0.377051018419158,-1.839996337890625,0.0,0.0,0.0,True
1030,137.375,0.022462330384541884,-0.377051018419158,-1.8499908447265625,0.0,0.0,0.0,True
1031,138.01600000000326,0.022462330384541884,-0.377051018419158,-1.8600006103515625,0.0,0.0,0.0,True
1032,138.6720000000205,0.022462330384541884,-0.377051018419158,-1.8600006103515625,0.0,0.0,0.0,True
1033,139.26600000000326,0.022462330384541884,-0.377051018419158,-1.8600006103515625,0.0,0.0,0.0,True
1034,139.90600000001723,0.022462330384541884,-0.377051018419158,-1.8499908447265625,0.0,0.0,0.0,True
1035,140.51600000000326,0.022462330384541884,-0.377051018419158,-1.8699951171875,0.0,0.0,0.0,True
1036,141.125,0.022462330384541884,-0.377051018419158,-1.8699951171875,0.0,0.0,0.0,True
1037,141.7970000000205,0.022462330384541884,-0.377051018419158,-1.8699951171875,0.0,0.0,0.0,True
1038,142.40600000001723,0.022462330384541884,-0.377051018419158,-1.8699951171875,0.0,0.0,0.0,True
1039,143.01600000000326,0.022462330384541884,-0.377051018419158,-1.8699951171875,0.0,0.0,0.0,True
1040,143.64100000000326,0.022462330384541884,-0.377051018419158,-1.8699951171875,0.0,0.0,0.0,True
1041,144.40600000001723,0.022462330384541884,-0.377051018419158,-1.8699951171875,0.0,0.0,0.0,True
1042,145.0470000000205,0.022462330384541884,-0.377051018419158,-1.8699951171875,0.0,0.0,0.0,True
1043,145.60899999999674,0.022462330384541884,-0.377051018419158,-1.8800048828125,0.0,0.0,0.0,True
1044,146.25,0.022462330384541884,-0.377051018419158,-1.8800048828125,0.0,0.0,0.0,True
1045,146.89100000000326,0.022462330384541884,-0.377051018419158,-1.8899993896484375,0.0,0.0,0.0,True
1046,147.51600000000326,0.022462330384541884,-0.377051018419158,-1.8899993896484375,0.0,0.0,0.0,True
1047,148.125,0.022462330384541884,-0.377051018419158,-1.8899993896484375,0.0,0.0,0.0,True
1048,148.7970000000205,0.022462330384541884,-0.377051018419158,-1.8899993896484375,0.0,0.0,0.0,True
1049,149.40600000001723,0.022462330384541884,-0.377051018419158,-1.8899993896484375,0.0,0.0,0.0,True
1050,150.0470000000205,0.022462330384541884,-0.377051018419158,-1.8899993896484375,0.0,0.0,0.0,True
1051,150.59399999998277,0.022462330384541884,-0.377051018419158,-1.8699951171875,0.0,0.0,0.0,True
1052,151.2029999999795,0.022462330384541884,-0.377051018419158,-1.8800048828125,0.0,0.0,0.0,True
1053,151.7970000000205,0.022462330384541884,-0.377051018419158,-1.8800048828125,0.0,0.0,0.0,True
1054,152.4220000000205,0.022462330384541884,-0.377051018419158,-1.8800048828125,0.0,0.0,0.0,True
1055,153.0470000000205,0.022462330384541884,-0.377051018419158,-1.8899993896484375,0.0,0.0,0.0,True
1056,153.60899999999674,0.022462330384541884,-0.377051018419158,-1.8899993896484375,0.0,0.0,0.0,True
1057,154.18699999997625,0.022462330384541884,-0.377051018419158,-1.8899993896484375,0.0,0.0,0.0,True
1058,154.81199999997625,0.022462330384541884,-0.377051018419158,-1.8899993896484375,0.0,0.0,0.0,True
1059,155.4529999999795,0.022462330384541884,-0.377051018419158,-1.899993896484375,0.0,0.0,0.0,True
1060,156.0779999999795,0.022462330384541884,-0.377051018419158,-1.910003662109375,0.0,0.0,0.0,True
1061,156.64100000000326,0.022462330384541884,-0.377051018419158,-1.910003662109375,0.0,0.0,0.0,True
1062,157.18699999997625,0.022462330384541884,-0.377051018419158,-1.910003662109375,0.0,0.0,0.0,True
1063,157.65600000001723,0.022462330384541884,-0.377051018419158,-1.9199981689453125,0.0,0.0,0.0,True
1064,158.125,0.022462330384541884,-0.377051018419158,-1.9199981689453125,0.0,0.0,0.0,True
1065,158.6720000000205,0.022462330384541884,-0.377051018419158,-1.9199981689453125,0.0,0.0,0.0,True
1066,159.23399999999674,0.022462330384541884,-0.377051018419158,-1.9199981689453125,0.0,0.0,0.0,True
1067,159.76600000000326,0.022462330384541884,-0.377051018419158,-1.92999267578125,0.0,0.0,0.0,True
1068,160.25,0.022462330384541884,-0.377051018419158,-1.92999267578125,0.0,0.0,0.0,True
1069,160.65600000001723,0.022462330384541884,-0.377051018419158,-1.92999267578125,0.0,0.0,0.0,True
1070,160.85899999999674,0.022462330384541884,-0.377051018419158,-1.94000244140625,0.0,0.0,0.0,True
1071,160.96899999998277,0.022462330384541884,-0.377051018419158,-1.94000244140625,0.0,0.0,0.0,True
1072,161.0779999999795,0.022462330384541884,-0.377051018419158,-1.94000244140625,0.0,0.25,0.0,True
1073,161.18699999997625,0.022462330384541884,-0.377051018419158,-1.94000244140625,0.0,0.25,0.0,True
1074,161.2970000000205,0.028105765384785025,-0.3770667649526213,-1.9900054931640625,0.0,0.25,0.0,True
1075,161.40600000001723,0.036870958156817,-0.3771367215279261,-1.6300048828125,0.0,0.25,0.0,True
1076,161.53100000001723,0.057756692500297774,-0.37711771542079187,-1.55999755859375,0.0,0.25,0.0,True
1077,161.625,0.06903330881341517,-0.3769270911856447,-1.5999908447265625,0.0,0.25,0.0,True
1078,161.73399999999674,0.0760786816556765,-0.3768249520072769,-1.5800018310546875,0.0,0.25,0.0,True
1079,161.84399999998277,0.08296045867879198,-0.3766197028881997,-1.529998779296875,0.0,0.25,0.0,True
1080,161.9529999999795,0.09496626464430888,-0.37671755315889954,-1.5999908447265625,0.0,0.25,0.0,True
1081,162.06199999997625,0.10565020280445293,-0.3767577858892556,-1.470001220703125,0.0,0.25,0.0,True
1082,162.18699999997625,0.11403262201996386,-0.37653171738910546,-1.410003662109375,0.0,0.25,0.0,True
1083,162.28100000001723,0.12129301356302258,-0.376305808896677,-1.3800048828125,0.0,0.25,0.0,True
1084,162.40600000001723,0.13460962579584157,-0.37604197858935123,-1.4499969482421875,0.0,0.25,0.0,True
1085,162.53100000001723,0.14383875117948572,-0.37558223030285276,-1.3499908447265625,0.0,0.25,0.0,True
1086,162.64100000000326,0.1554760796530725,-0.3753706478464988,-1.42999267578125,0.0,0.25,0.0,True
1087,162.73399999999674,0.1652221225905571,-0.37545074994210315,-1.3899993896484375,0.0,0.25,0.0,True
1088,162.84399999998277,0.17352333270891537,-0.3753485426727128,-1.3699951171875,0.0,0.25,0.0,True
1089,162.9529999999795,0.18146152599720056,-0.3752001378139729,-1.3800048828125,0.0,0.25,0.0,True
1090,163.06199999997625,0.18791925466736942,-0.374890056154524,-1.3800048828125,0.0,0.25,0.0,True
1091,163.15600000001723,0.19256888408717332,-0.37463271027582656,-1.339996337890625,0.0,0.25,0.0,True
1092,163.28100000001723,0.20468953370003937,-0.37455751701503154,-1.3600006103515625,0.0,0.25,0.0,True
1093,163.40600000001723,0.21776293578857098,-0.3741671830140395,-1.4199981689453125,0.0,0.25,0.0,True
1094,163.51600000000326,0.22928547469232965,-0.3741634296049975,-1.3899993896484375,0.0,0.25,0.0,True
1095,163.60899999999674,0.24140938480010377,-0.37422125279637525,-1.44000244140625,0.0,0.25,0.0,True
1096,163.73399999999674,0.25867845005099543,-0.37342786914251347,-1.3899993896484375,0.0,0.25,0.0,True
1097,163.84399999998277,0.26528240500544453,-0.37301953242948405,-1.3600006103515625,0.0,0.25,0.0,True
1098,163.9529999999795,0.2769232035243612,-0.3729479689240715,-1.410003662109375,0.0,0.25,0.0,True
1099,164.0470000000205,0.28892203400041566,-0.37279124561477833,-1.3899993896484375,0.0,0.25,0.0,True
1100,164.15600000001723,0.29857540999948423,-0.3727050272978925,-1.25,0.0,0.25,0.0,True
1101,164.26600000000326,0.3084576325012395,-0.37253732860603456,-1.25,0.0,0.25,0.0,True
1102,164.375,0.31582219683001345,-0.3726079235408931,-1.220001220703125,0.0,0.25,0.0,True
1103,164.48399999999674,0.3207102266454548,-0.37275777236347823,-1.0999908447265625,0.0,0.25,0.0,True
1104,164.60899999999674,0.3317424760711196,-0.3730517360528862,-1.1399993896484375,0.0,0.25,0.0,True
1105,164.71899999998277,0.34350481500081786,-0.3730956210929891,-1.1399993896484375,0.0,0.25,0.0,True
1106,164.8279999999795,0.36551389078199875,-0.3732285540428595,-1.029998779296875,0.0,0.25,0.0,True
1107,164.9529999999795,0.3729711374304191,-0.37277888042518736,-1.0200042724609375,0.0,0.25,0.0,True
1108,165.0779999999795,0.3850945911753821,-0.3729034500132237,-1.0699920654296875,0.0,0.25,0.0,True
1109,165.18699999997625,0.3954695209622005,-0.3727167840598934,-0.959991455078125,0.0,0.25,0.0,True
1110,165.31199999997625,0.4031861034249239,-0.37283405942784814,-0.9499969482421875,0.0,0.25,0.0,True
1111,165.4220000000205,0.4169956420733012,-0.37337371370183803,-0.9199981689453125,0.0,0.25,0.0,True
1112,165.53100000001723,0.4380823846729449,-0.37315943144153885,-0.8899993896484375,0.0,0.25,0.0,True
1113,165.64100000000326,0.4504497300740454,-0.37358951585675715,-0.910003662109375,0.0,0.25,0.0,True
1114,165.75,0.45947118079420013,-0.3734744762157114,-0.9799957275390625,0.0,0.25,0.0,True
1115,165.85899999999674,0.46504481895826766,-0.37295621805392615,-0.9199981689453125,0.0,0.25,0.0,True
1116,165.98399999999674,0.4717913244717018,-0.3729223600163025,-0.899993896484375,0.0,0.25,0.0,True
1117,166.09399999998277,0.4770618530949281,-0.37336657454728156,-0.94000244140625,0.0,0.25,0.0,True
1118,166.2029999999795,0.48882403762161736,-0.37344809307846233,-0.9499969482421875,0.0,0.25,0.0,True
1119,166.31199999997625,0.499740662200548,-0.3731983718123988,-0.970001220703125,0.0,0.25,0.0,True
1120,166.4220000000205,0.5095342693837213,-0.37294043435207447,-1.0099945068359375,0.0,0.25,0.0,True
1121,166.53100000001723,0.5309798436934711,-0.37337762187387485,-0.9199981689453125,0.0,0.25,0.0,True
1122,166.65600000001723,0.5384141618280625,-0.3731728719085863,-0.720001220703125,0.0,0.25,0.0,True
1123,166.75,0.5483080615774732,-0.3731016850555342,-0.7299957275390625,0.0,0.25,0.0,True
1124,166.85899999999674,0.5555401704911656,-0.37370057426054787,-0.8300018310546875,0.0,0.25,0.0,True
1125,166.9529999999795,0.5674230980690266,-0.37387678237731936,-0.779998779296875,0.0,0.25,0.0,True
1126,167.0779999999795,0.5778664323347744,-0.3737290868390144,-0.8199920654296875,0.0,0.25,0.0,True
1127,167.18699999997625,0.5872614184148063,-0.3734606758701363,-0.839996337890625,0.0,0.25,0.0,True
1128,167.3279999999795,0.5955762797446712,-0.3734228920160796,-0.720001220703125,0.0,0.25,0.0,True
1129,167.43699999997625,0.6149048990554252,-0.37345282063378565,-0.7299957275390625,0.0,0.25,0.0,True
1130,167.5470000000205,0.6269064674247135,-0.37358444691741977,-0.6399993896484375,0.0,0.25,0.0,True
1131,167.65600000001723,0.6386708955879327,-0.3740131149406598,-0.6300048828125,0.0,0.25,0.0,True
1132,167.76600000000326,0.6495678534255181,-0.37422010357011665,-0.6399993896484375,0.0,0.25,0.0,True
1133,167.875,0.6577151404593105,-0.37441450474993193,-0.5999908447265625,0.0,0.25,0.0,True
1134,167.98399999999674,0.6648823182227339,-0.3749397316298995,-0.470001220703125,0.0,0.25,0.0,True
1135,168.10899999999674,0.6712529985917479,-0.3751720772442748,-0.5099945068359375,0.0,0.25,0.0,True
1136,168.23399999999674,0.6943584419982873,-0.37576156129664406,-0.3800048828125,0.0,0.25,0.0,True
1137,168.39100000000326,0.7059987247126077,-0.37589345160058724,-0.3699951171875,0.0,0.25,0.0,True
1138,168.53100000001723,0.7278384757727934,-0.37633139404317684,-0.4199981689453125,0.0,0.25,0.0,True
1139,168.6720000000205,0.7392397155679667,-0.37659769877130883,-0.410003662109375,0.0,0.25,0.0,True
1140,168.7970000000205,0.751240441355903,-0.3767944972847901,-0.3800048828125,0.0,0.25,0.0,True
1141,168.90600000001723,0.763836825096575,-0.3763596498105493,-0.4499969482421875,0.0,0.25,0.0,True
1142,169.01600000000326,0.7731263318932526,-0.3766211744830693,-0.4199981689453125,0.0,0.25,0.0,True
1143,169.125,0.7819778498283527,-0.3768230521534537,-0.5099945068359375,0.0,0.25,0.0,True
1144,169.23399999999674,0.7974203143941307,-0.376958295969639,-0.5399932861328125,0.0,0.25,0.0,True
1145,169.34399999998277,0.8115825984372482,-0.3772398370614786,-0.5500030517578125,0.0,0.25,0.0,True
1146,169.46899999998277,0.8252812811641846,-0.37722549385063253,-0.5500030517578125,0.0,0.25,0.0,True
1147,169.56199999997625,0.8353421502660825,-0.3772116040456567,-0.5999908447265625,0.0,0.25,0.0,True
1148,169.68699999997625,0.8408161067691482,-0.3772296367603003,-0.6100006103515625,0.0,0.25,0.0,True
1149,169.7970000000205,0.8554556993371663,-0.37721045799332087,-0.6100006103515625,0.0,0.25,0.0,True
1150,169.90600000001723,0.8679370341928081,-0.37735936523240143,-0.6399993896484375,0.0,0.25,0.0,True
1151,170.0,0.8783050943437286,-0.3773735071834363,-0.6300048828125,0.0,0.25,0.0,True
1152,170.125,0.8870586815705173,-0.37737275940174325,-0.6199951171875,0.0,0.25,0.0,True
1153,170.23399999999674,0.8991807750379857,-0.37759409219487206,-0.6100006103515625,0.0,0.25,0.0,True
1154,170.34399999998277,0.9200702733908065,-0.37681636710908945,-0.6300048828125,0.0,0.25,0.0,True
1155,170.4529999999795,0.9321937071207531,-0.3771750535415798,-0.5399932861328125,0.0,0.25,0.0,True
1156,170.56199999997625,0.9425612930812047,-0.37711625689606326,-0.589996337890625,0.0,0.25,0.0,True
1157,170.6720000000205,0.9514411348153811,-0.37747750036262734,-0.529998779296875,0.0,0.25,0.0,True
1158,170.7970000000205,0.9593734404126881,-0.37742313820968876,-0.4900054931640625,0.0,0.25,0.0,True
1159,170.90600000001723,0.9670099293292622,-0.377158036695524,-0.589996337890625,0.0,0.25,0.0,True
1160,171.01600000000326,0.9790109858239349,-0.3773205807149624,-0.5,0.0,0.25,0.0,True
1161,171.14100000000326,1.0030130978905503,-0.3776728209781564,-0.529998779296875,0.0,0.25,0.0,True
1162,171.25,1.0134799971023094,-0.3775405091226793,-0.4499969482421875,0.0,0.25,0.0,True
1163,171.375,1.0203441924881589,-0.3783273991422408,-0.399993896484375,0.0,0.25,0.0,True
1164,171.5,1.0259839785061158,-0.37867169493406055,-0.3199920654296875,0.0,0.25,0.0,True
1165,171.60899999999674,1.0381035616228542,-0.37866074934781574,-0.3800048828125,0.0,0.25,0.0,True
1166,171.71899999998277,1.0501050725447627,-0.3790016715248245,-0.3199920654296875,0.0,0.25,0.0,True
1167,171.8279999999795,1.0622251572947325,-0.3791339920786123,-0.3899993896484375,0.0,0.25,0.0,True
1168,171.93699999997625,1.081922160796232,-0.3786724734480848,-0.44000244140625,0.0,0.25,0.0,True
1169,172.0470000000205,1.0901780810373252,-0.3782596521242769,-0.42999267578125,0.0,0.25,0.0,True
1170,172.1720000000205,1.0964015397354037,-0.37817683985471245,-0.5200042724609375,0.0,0.25,0.0,True
1171,172.26600000000326,1.1087607704937774,-0.3781286071452398,-0.529998779296875,0.0,0.25,0.0,True
1172,172.39100000000326,1.121719417054018,-0.37801894342726394,-0.5200042724609375,0.0,0.25,0.0,True
1173,172.48399999999674,1.1324624076209657,-0.37834725573092864,-0.589996337890625,0.0,0.25,0.0,True
1174,172.60899999999674,1.1409901748806617,-0.3777902588863781,-0.6699981689453125,0.0,-0.25,0.0,True
1175,172.71899999998277,1.1494268008924895,-0.37749869676225367,-0.6300048828125,0.0,-0.25,0.0,True
1176,172.8279999999795,1.143422019509863,-0.37716552210773907,-0.779998779296875,0.0,-0.25,0.0,True
1177,172.93699999997625,1.1240967682692162,-0.3767954489869014,-0.7299957275390625,0.0,-0.25,0.0,True
1178,173.06199999997625,1.1152658052270892,-0.37713498993602546,-0.709991455078125,0.0,-0.25,0.0,True
1179,173.15600000001723,1.1077185746770404,-0.3773666350810259,-0.779998779296875,0.0,-0.25,0.0,True
1180,173.26600000000326,1.10170548525758,-0.3772465584210482,-0.75,0.0,-0.25,0.0,True
1181,173.375,1.0904254194482332,-0.3772482103319571,-0.709991455078125,0.0,-0.25,0.0,True
1182,173.48399999999674,1.0787882801660826,-0.3774665540764612,-0.7700042724609375,0.0,-0.25,0.0,True
1183,173.59399999998277,1.0674626069822297,-0.37694864863320354,-0.779998779296875,0.0,-0.25,0.0,True
1184,173.71899999998277,1.0584649185246333,-0.3769049090164754,-0.7700042724609375,0.0,-0.25,0.0,True
1185,173.81199999997625,1.0498552029723565,-0.3768015721610485,-0.7599945068359375,0.0,-0.25,0.0,True
1186,173.9220000000205,1.042477303813403,-0.3769018851154108,-0.8300018310546875,0.0,-0.25,0.0,True
1187,174.03100000001723,1.0196772946718435,-0.3769434842571029,-0.7899932861328125,0.0,-0.25,0.0,True
1188,174.15600000001723,1.0085120836438743,-0.3766192199079394,-0.8899993896484375,0.0,-0.25,0.0,True
1189,174.26600000000326,0.9985953915617697,-0.3764075128590855,-0.8899993896484375,0.0,-0.25,0.0,True
1190,174.375,0.9898692567265405,-0.3761528170549356,-0.959991455078125,0.0,-0.25,0.0,True
1191,174.48399999999674,0.9817957252068609,-0.37562746398069585,-1.0,0.0,-0.25,0.0,True
1192,174.59399999998277,0.9750151174540207,-0.3754818373883685,-0.9199981689453125,0.0,-0.25,0.0,True
1193,174.7029999999795,0.963246195773606,-0.3749851934170442,-1.0200042724609375,0.0,-0.25,0.0,True
1194,174.81199999997625,0.9535320462601018,-0.375366209669353,-1.0099945068359375,0.0,-0.25,0.0,True
1195,174.93699999997625,0.9299965949450969,-0.3749834056336896,-0.92999267578125,0.0,-0.25,0.0,True
1196,175.0470000000205,0.9219175812526145,-0.37545629006163117,-0.970001220703125,0.0,-0.25,0.0,True
1197,175.15600000001723,0.9139621640807395,-0.37620062759476197,-1.0099945068359375,0.0,-0.25,0.0,True
1198,175.26600000000326,0.9101165814301837,-0.37719243732571284,-0.92999267578125,0.0,-0.25,0.0,True
1199,175.375,0.8975136942699139,-0.37705537406551337,-1.0099945068359375,0.0,-0.25,0.0,True
1200,175.48399999999674,0.885266719189269,-0.3767146669741641,-1.0,0.0,-0.25,0.0,True
1201,175.59399999998277,0.8748253774934357,-0.37662081207876785,-0.9199981689453125,0.0,-0.25,0.0,True
1202,175.71899999998277,0.8658794785471827,-0.3763865023151434,-0.9799957275390625,0.0,-0.25,0.0,True
1203,175.8279999999795,0.8530362033598146,-0.3762748847074656,-1.149993896484375,0.0,-0.25,0.0,True
1204,175.93699999997625,0.8445968675508111,-0.3761945353570304,-1.089996337890625,0.0,-0.25,0.0,True
1205,176.0470000000205,0.8324017994772146,-0.37620589045198743,-1.0399932861328125,0.0,-0.25,0.0,True
1206,176.1720000000205,0.820520768256216,-0.37621188353175117,-0.970001220703125,0.0,-0.25,0.0,True
1207,176.28100000001723,0.8098323544829188,-0.37633039864837325,-0.9900054931640625,0.0,-0.25,0.0,True
1208,176.4220000000205,0.8003173712210934,-0.37624582221884406,-0.9799957275390625,0.0,-0.25,0.0,True
1209,176.51600000000326,0.7885551162662634,-0.3761746841773318,-1.0099945068359375,0.0,-0.25,0.0,True
1210,176.64100000000326,0.7798866632074428,-0.37631311602987394,-1.0,0.0,-0.25,0.0,True
1211,176.75,0.7596559396233779,-0.37667090983129636,-1.1699981689453125,0.0,-0.25,0.0,True
1212,176.84399999998277,0.7462076017009447,-0.3763351819827105,-0.839996337890625,0.0,-0.25,0.0,True
1213,176.9529999999795,0.7380804995650038,-0.3761474876623221,-1.0,0.0,-0.25,0.0,True
1214,177.0779999999795,0.7309809848371028,-0.37614925781647,-1.0500030517578125,0.0,-0.25,0.0,True
1215,177.18699999997625,0.7219575716872484,-0.37561654237362146,-0.9799957275390625,0.0,-0.25,0.0,True
1216,177.2970000000205,0.7156282443332364,-0.3753370938043174,-1.029998779296875,0.0,-0.25,0.0,True
1217,177.40600000001723,0.7041033435266814,-0.37513537537947106,-1.1100006103515625,0.0,-0.25,0.0,True
1218,177.51600000000326,0.692217270207582,-0.3748801311122206,-1.089996337890625,0.0,-0.25,0.0,True
1219,177.625,0.6802176516491922,-0.374964801734759,-1.1399993896484375,0.0,-0.25,0.0,True
1220,177.75,0.6623728716152261,-0.3744409537460365,-1.220001220703125,0.0,-0.25,0.0,True
1221,177.85899999999674,0.6566083098412044,-0.3738622973801684,-1.149993896484375,0.0,-0.25,0.0,True
1222,177.96899999998277,0.6518572249698097,-0.3728589694829465,-1.1699981689453125,0.0,-0.25,0.0,True
1223,178.09399999998277,0.6391235409423885,-0.372296981122748,-1.160003662109375,0.0,-0.25,0.0,True
1224,178.2029999999795,0.6286319837022799,-0.37220500188299066,-1.2400054931640625,0.0,-0.25,0.0,True
1225,178.3279999999795,0.619908429774128,-0.3724543818424105,-1.1399993896484375,0.0,-0.25,0.0,True
1226,178.43699999997625,0.6103142427009184,-0.3727902068340537,-1.1699981689453125,0.0,-0.25,0.0,True
1227,178.53100000001723,0.6007231201522608,-0.37227019922266136,-1.089996337890625,0.0,-0.25,0.0,True
1228,178.64100000000326,0.5871728992027174,-0.37229211050631855,-1.3300018310546875,0.0,-0.25,0.0,True
1229,178.75,0.575288926114503,-0.37221634743815346,-1.30999755859375,0.0,-0.25,0.0,True
1230,178.85899999999674,0.5658064105701004,-0.372379492651217,-1.2899932861328125,0.0,-0.25,0.0,True
1231,178.96899999998277,0.5572038032166167,-0.37258952862996536,-1.3499908447265625,0.0,-0.25,0.0,True
1232,179.09399999998277,0.5491400032279878,-0.37357022784778726,-1.339996337890625,0.0,-0.25,0.0,True
1233,179.18699999997625,0.5417980825330032,-0.37394064867982885,-1.279998779296875,0.0,-0.25,0.0,True
1234,179.31199999997625,0.5290820330576542,-0.374215160034659,-1.2599945068359375,0.0,-0.25,0.0,True
1235,179.4220000000205,0.5243291992178076,-0.37428954854619145,-1.30999755859375,0.0,-0.25,0.0,True
1236,179.51600000000326,0.5138941574080526,-0.37460108353725424,-1.3000030517578125,0.0,-0.25,0.0,True
1237,179.64100000000326,0.5009259795241964,-0.3743440508245879,-1.3300018310546875,0.0,-0.25,0.0,True
1238,179.75,0.4815284151336581,-0.37453228653799436,-1.3499908447265625,0.0,-0.25,0.0,True
1239,179.85899999999674,0.47613047519812857,-0.37489692973131544,-1.3499908447265625,0.0,-0.25,0.0,True
1240,179.96899999998277,0.4625670082001134,-0.37488063590538373,-1.410003662109375,0.0,-0.25,0.0,True
1241,180.0779999999795,0.45104450216024555,-0.37489781676917017,-1.4799957275390625,0.0,-0.25,0.0,True
1242,180.2029999999795,0.43980576789244014,-0.3757327771552727,-1.4900054931640625,0.0,-0.25,0.0,True
1243,180.2970000000205,0.4301254887437363,-0.37584894743077985,-1.470001220703125,0.0,-0.25,0.0,True
1244,180.40600000001723,0.42233292116157595,-0.3763182320015204,-1.5800018310546875,0.0,-0.25,0.0,True
1245,180.51600000000326,0.41566004764943976,-0.3768788714836918,-1.589996337890625,0.0,-0.25,0.0,True
1246,180.64100000000326,0.4035320818587033,-0.37673498976356573,-1.5800018310546875,0.0,-0.25,0.0,True
1247,180.75,0.38001503308697915,-0.37711092289576603,-1.6199951171875,0.0,-0.25,0.0,True
1248,180.85899999999674,0.3703185048037932,-0.3767579914236295,-1.649993896484375,0.0,-0.25,0.0,True
1249,180.96899999998277,0.3611677820348124,-0.37662116374061083,-1.6100006103515625,0.0,-0.25,0.0,True
1250,181.0779999999795,0.3530814996134889,-0.3763645186435881,-1.6399993896484375,0.0,-0.25,0.0,True
1251,181.18699999997625,0.3455242186289892,-0.3762142851469057,-1.6999969482421875,0.0,-0.25,0.0,True
1252,181.2970000000205,0.332814414595945,-0.37672197795058,-1.660003662109375,0.0,-0.25,0.0,True
1253,181.40600000001723,0.32020248374773475,-0.37646928541903785,-1.6999969482421875,0.0,-0.25,0.0,True
1254,181.51600000000326,0.3082004817128578,-0.3765564376850984,-1.75,0.0,-0.25,0.0,True
1255,181.625,0.2975225380134088,-0.37660016009254443,-1.6999969482421875,0.0,-0.25,0.0,True
1256,181.75,0.28776119112689463,-0.37679683381412904,-1.7400054931640625,0.0,-0.25,0.0,True
1257,181.85899999999674,0.2677681183266259,-0.37724857383026594,-1.75,0.0,-0.25,0.0,True
1258,181.96899999998277,0.2563593854477708,-0.37711004890993227,-1.7400054931640625,0.0,-0.25,0.0,True
1259,182.0779999999795,0.24562542129471676,-0.3772090207064996,-1.7700042724609375,0.0,-0.25,0.0,True
1260,182.2029999999795,0.23401556105357607,-0.3772583380010423,-1.7299957275390625,0.0,-0.25,0.0,True
1261,182.31199999997625,0.2221397566192729,-0.3775489658976733,-1.720001220703125,0.0,-0.25,0.0,True
1262,182.43699999997625,0.21346102159819091,-0.37775366165364044,-1.7899932861328125,0.0,-0.25,0.0,True
1263,182.53100000001723,0.20492417857980974,-0.3771691118628497,-1.80999755859375,0.0,-0.25,0.0,True
1264,182.64100000000326,0.19892156094086538,-0.37702506311428696,-1.7899932861328125,0.0,-0.25,0.0,True
1265,182.75,0.1749175836325563,-0.3772284372817006,-1.839996337890625,0.0,-0.25,0.0,True
1266,182.875,0.16642067321942614,-0.3776152537638405,-1.8899993896484375,0.0,-0.25,0.0,True
1267,182.98399999999674,0.15892259936342004,-0.3771955235464906,-1.8499908447265625,0.0,-0.25,0.0,True
1268,183.09399999998277,0.1478618104316604,-0.3767326978109869,-1.9499969482421875,0.0,-0.25,0.0,True
1269,183.18699999997625,0.1496584614351664,-0.37611752720330227,-1.9900054931640625,0.0,-0.25,0.0,True
1270,183.3279999999795,0.13777927685217636,-0.37632067014496134,-1.970001220703125,0.0,-0.25,0.0,True
1271,183.43699999997625,0.12566480252828535,-0.37666683278105595,-1.9900054931640625,0.0,-0.25,0.0,True
1272,183.5470000000205,0.11473143363347399,-0.3769970310844834,-2.0500030517578125,0.0,-0.25,0.0,True
1273,183.65600000001723,0.09622070188009248,-0.37684644849127497,-2.0399932861328125,0.0,-0.25,0.0,True
1274,183.76600000000326,0.09107532374390176,-0.3766896984973246,-2.0999908447265625,0.0,-0.25,0.0,True
1275,183.875,0.07931387042912477,-0.3768414025333363,-2.089996337890625,0.0,-0.25,0.0,True
1276,184.0,0.06755244733129792,-0.37699211022279766,-2.0699920654296875,0.0,-0.25,0.0,True
1277,184.09399999998277,0.0553112886443886,-0.37715702379339155,-2.0800018310546875,0.0,-0.25,0.0,True
1278,184.21899999998277,0.04847753749675966,-0.37681626561697623,-2.1300048828125,0.0,0.0,0.0,True
1279,184.3279999999795,0.043073931424809336,-0.37680926562440903,-2.1399993896484375,0.0,0.0,0.0,True
1280,184.43699999997625,0.043073931424809336,-0.37680926562440903,-2.399993896484375,0.0,0.0,0.0,True
1281,184.5470000000205,0.043073931424809336,-0.37680926562440903,-2.25,0.0,0.0,0.0,True
1282,184.6720000000205,0.043073931424809336,-0.37680926562440903,-2.220001220703125,-0.25,0.0,0.0,True
1283,184.76600000000326,0.04310145337943012,-0.3774915335994496,-2.339996337890625,-0.25,0.0,0.0,True
1284,184.875,0.042243174926146806,-0.3800466582054852,-2.1999969482421875,0.0,0.0,0.0,True
1285,184.98399999999674,0.04181774104742649,-0.38153042299208084,-2.1999969482421875,0.0,0.0,0.0,True
1286,185.10899999999674,0.04181774104742649,-0.38153042299208084,-2.19000244140625,0.0,0.0,0.0,True
1287,185.2029999999795,0.04181774104742649,-0.38153042299208084,-2.2599945068359375,0.0,0.0,0.0,True
1288,185.3279999999795,0.04181774104742649,-0.38153042299208084,-2.25,0.0,0.0,0.0,True
1289,185.4220000000205,0.04181774104742649,-0.38153042299208084,-2.25,0.0,0.0,0.0,True
1290,185.5470000000205,0.04181774104742649,-0.38153042299208084,-2.2700042724609375,0.0,0.0,0.0,True
1291,185.64100000000326,0.04181774104742649,-0.38153042299208084,-2.2700042724609375,0.0,0.0,0.0,True
1292,185.76600000000326,0.04181774104742649,-0.38153042299208084,-2.2700042724609375,0.0,0.0,0.0,True
1293,185.875,0.04181774104742649,-0.38153042299208084,-2.279998779296875,0.0,0.0,0.0,True
1294,185.98399999999674,0.04181774104742649,-0.38153042299208084,-2.279998779296875,0.0,0.0,0.0,True
1295,186.10899999999674,0.04181774104742649,-0.38153042299208084,-2.279998779296875,0.0,0.0,0.0,True
1296,186.21899999998277,0.04181774104742649,-0.38153042299208084,-2.2700042724609375,0.0,0.0,0.0,True
1297,186.34399999998277,0.04181774104742649,-0.38153042299208084,-2.279998779296875,0.0,0.0,0.0,True
1298,186.4529999999795,0.04181774104742649,-0.38153042299208084,-2.2899932861328125,0.0,0.0,0.0,True
1299,186.56199999997625,0.04181774104742649,-0.38153042299208084,-2.2899932861328125,0.0,0.0,0.0,True
1300,186.68699999997625,0.04181774104742649,-0.38153042299208084,-2.2899932861328125,0.0,0.0,0.0,True
1301,186.7970000000205,0.04181774104742649,-0.38153042299208084,-2.2899932861328125,0.0,0.0,0.0,True
1302,186.90600000001723,0.04181774104742649,-0.38153042299208084,-2.3000030517578125,0.0,0.0,0.0,True
1303,187.01600000000326,0.04181774104742649,-0.38153042299208084,-2.3000030517578125,0.0,0.0,0.0,True
1304,187.125,0.04181774104742649,-0.38153042299208084,-2.3000030517578125,0.0,0.0,0.0,True
1305,187.23399999999674,0.04181774104742649,-0.38153042299208084,-2.3000030517578125,0.0,0.0,0.0,True
1306,187.35899999999674,0.04181774104742649,-0.38153042299208084,-2.2899932861328125,0.0,0.0,0.0,True
1307,187.4529999999795,0.04181774104742649,-0.38153042299208084,-2.30999755859375,0.0,0.0,0.0,True
1308,187.5779999999795,0.04181774104742649,-0.38153042299208084,-2.30999755859375,0.0,0.0,0.0,True
1309,187.68699999997625,0.04181774104742649,-0.38153042299208084,-2.3000030517578125,0.0,0.0,0.0,True
1310,187.7970000000205,0.04181774104742649,-0.38153042299208084,-2.3000030517578125,0.0,0.0,0.0,True
1311,187.90600000001723,0.04181774104742649,-0.38153042299208084,-2.30999755859375,0.0,0.0,0.0,True
1312,188.01600000000326,0.04181774104742649,-0.38153042299208084,-2.30999755859375,0.0,0.0,0.0,True
1313,188.125,0.04181774104742649,-0.38153042299208084,-2.30999755859375,0.0,0.0,0.0,True
1314,188.23399999999674,0.04181774104742649,-0.38153042299208084,-2.30999755859375,0.0,0.0,0.0,True
1315,188.34399999998277,0.04181774104742649,-0.38153042299208084,-2.3000030517578125,0.0,0.0,0.0,True
1316,188.46899999998277,0.04181774104742649,-0.38153042299208084,-2.3199920654296875,0.0,0.0,0.0,True
1317,188.56199999997625,0.04181774104742649,-0.38153042299208084,-2.3199920654296875,0.0,0.0,0.0,True
1318,188.68699999997625,0.04181774104742649,-0.38153042299208084,-2.3199920654296875,0.0,0.0,0.0,True
1319,188.81199999997625,0.04181774104742649,-0.38153042299208084,-2.30999755859375,0.0,0.0,0.0,True
1320,188.9220000000205,0.04181774104742649,-0.38153042299208084,-2.3199920654296875,0.0,0.0,0.0,True
1321,189.03100000001723,0.04181774104742649,-0.38153042299208084,-2.3199920654296875,0.0,0.0,0.0,True
1322,189.14100000000326,0.04181774104742649,-0.38153042299208084,-2.3199920654296875,0.0,0.0,0.0,True
1323,189.25,0.04181774104742649,-0.38153042299208084,-2.3199920654296875,0.0,0.0,0.0,True
