Sample,Elapsed_s,X_m,Y_m,Heading_deg,Command_X,Command_Y,Command_Z,LidarLocalizationValid
1,0.062000000034458935,0.0,-0.0,0.0,0.0,0.0,0.0,True
2,0.1720000000204891,0.0,-0.0,-0.010009765625,0.0,0.0,0.0,True
3,0.28100000001722947,0.0,-0.0,0.0,0.0,0.0,0.0,True
4,0.40600000001722947,0.0,-0.0,0.0099945068359375,0.0,0.0,0.0,True
5,0.5,0.0,-0.0,0.0,0.0,0.0,0.0,True
6,0.625,0.0,-0.0,0.0,0.0,0.0,0.0,True
7,0.7339999999967404,0.0,-0.0,0.0,0.0,0.25,0.0,True
8,0.8429999999934807,0.0,-0.0,0.0,0.0,0.25,0.0,True
9,0.9679999999934807,0.018535840562653758,-0.0010784464101587217,0.6699981689453125,0.0,0.25,0.0,True
10,1.0780000000377186,0.028833187226015747,-0.0012701870075974477,0.8899993896484375,0.0,0.25,0.0,True
11,1.187000000034459,0.03958476718725255,-0.0012137898854037124,1.0399932861328125,0.0,0.25,0.0,True
12,1.297000000020489,0.048713946310081316,-0.0010675589017803445,1.1699981689453125,0.0,0.25,0.0,True
13,1.4060000000172295,0.05586719490127012,-0.00013158914797405702,1.239990234375,0.0,0.25,0.0,True
14,1.5310000000172295,0.0619805304667592,0.0013464119337146935,1.0999908447265625,0.0,0.25,0.0,True
15,1.625,0.07374546789255795,0.0015505711075700685,0.989990234375,0.0,0.25,0.0,True
16,1.75,0.07858172088151455,0.0031561157210843937,0.8699951171875,0.0,0.25,0.0,True
17,1.8589999999967404,0.09619178356636898,0.004360065892897986,0.6599884033203125,0.0,0.25,0.0,True
18,1.9679999999934807,0.10746880082166246,0.00409938712609184,0.6199951171875,0.0,0.25,0.0,True
19,2.062000000034459,0.11922737538891173,0.003973126864037938,0.6299896240234375,0.0,0.25,0.0,True
20,2.187000000034459,0.13134367124208227,0.0036385351362837708,0.5699920654296875,0.0,0.25,0.0,True
21,2.297000000020489,0.14286073019978085,0.003377520361131211,0.6100006103515625,0.0,0.25,0.0,True
22,2.4060000000172295,0.15461923394919766,0.0032536902991804114,0.6199951171875,0.0,0.25,0.0,True
23,2.51500000001397,0.16649541101614881,0.0029166294714865603,0.5999908447265625,0.0,0.25,0.0,True
24,2.625,0.17825387883662405,0.0027922662003611446,0.6299896240234375,0.0,0.25,0.0,True
25,2.7339999999967404,0.18977097146650712,0.0025321521107001966,0.6199951171875,0.0,0.25,0.0,True
26,2.8429999999934807,0.20008655608534598,0.0021418381316866608,0.67999267578125,0.0,0.25,0.0,True
27,2.9530000000377186,0.22611900262718235,0.0014974739411273991,0.67999267578125,0.0,0.25,0.0,True
28,3.062000000034459,0.2378758347751473,0.0012249008957262106,0.67999267578125,0.0,0.25,0.0,True
29,3.172000000020489,0.2499917213516393,0.0008811303287956988,0.649993896484375,0.0,0.25,0.0,True
30,3.2810000000172295,0.26174856062494245,0.000608714390031867,0.709991455078125,0.0,0.25,0.0,True
31,3.39000000001397,0.2731442795841362,0.00025964749378419897,0.739990234375,0.0,0.25,0.0,True
32,3.5,0.28249903269043447,-0.00014225769422490843,0.709991455078125,0.0,0.25,0.0,True
33,3.6089999999967404,0.29653578020733,-0.0003962537080988476,0.80999755859375,0.0,0.25,0.0,True
34,3.7179999999934807,0.30817075818145867,-0.0007707687330540853,0.839996337890625,0.0,0.25,0.0,True
35,3.8280000000377186,0.3199243526888247,-0.0012258588805869497,0.8699951171875,0.0,0.25,0.0,True
36,3.937000000034459,0.3316822305435137,-0.0013959028419697425,0.8499908447265625,0.0,0.25,0.0,True
37,4.062000000034459,0.35507672046361693,-0.0018413558162769937,0.9699859619140625,0.0,0.25,0.0,True
38,4.1560000000172295,0.36766826820681386,-0.0023847379435002767,0.8199920654296875,0.0,0.25,0.0,True
39,4.26500000001397,0.3793050313588716,-0.0026303969222870077,0.8799896240234375,0.0,0.25,0.0,True
40,4.375,0.3905850318652518,-0.002658615171973742,0.839996337890625,0.0,0.25,0.0,True
41,4.48399999999674,0.40257867151932697,-0.0031127628250946972,0.7899932861328125,0.0,0.25,0.0,True
42,4.592999999993481,0.4142177204154787,-0.0031986488432615146,0.769989013671875,0.0,0.25,0.0,True
43,4.703000000037719,0.42573390365231634,-0.0034957602669235138,0.7899932861328125,0.0,0.25,0.0,True
44,4.812000000034459,0.43748989675683403,-0.0038004408809099235,0.779998779296875,0.0,0.25,0.0,True
45,4.922000000020489,0.4491289671367519,-0.003885594369966018,0.7299957275390625,0.0,0.25,0.0,True
46,5.047000000020489,0.4606452896160034,-0.004176864052608859,0.7599945068359375,0.0,0.25,0.0,True
47,5.1560000000172295,0.48535722683681226,-0.004791751504370762,0.7299957275390625,0.0,0.25,0.0,True
48,5.26500000001397,0.4971136675388523,-0.005079755376395724,0.7299957275390625,0.0,0.25,0.0,True
49,5.375,0.5086280163206894,-0.0055102240446268545,0.7899932861328125,0.0,0.25,0.0,True
50,5.48399999999674,0.5205051565137646,-0.005746830275366824,0.779998779296875,0.0,0.25,0.0,True
51,5.592999999993481,0.5321422762871681,-0.00597579152300681,0.79998779296875,0.0,0.25,0.0,True
52,5.703000000037719,0.5434163588617805,-0.006413367473577793,0.8199920654296875,0.0,0.25,0.0,True
53,5.812000000034459,0.5551725972030851,-0.00672157990323765,0.80999755859375,0.0,0.25,0.0,True
54,5.922000000020489,0.5666906318627645,-0.006883521496697396,0.7899932861328125,0.0,0.25,0.0,True
55,6.0310000000172295,0.5777306971723913,-0.006892032058262641,0.7299957275390625,0.0,0.25,0.0,True
56,6.14000000001397,0.5885251095767793,-0.007315757311245303,0.8600006103515625,0.0,0.25,0.0,True
57,6.25,0.6097562848749449,-0.00796929708808789,0.829986572265625,0.0,0.25,0.0,True
58,6.35899999999674,0.6211508688193695,-0.008352926920105426,0.9099884033203125,0.0,0.25,0.0,True
59,6.467999999993481,0.632782558859491,-0.008890666027710485,0.92999267578125,0.0,0.25,0.0,True
60,6.578000000037719,0.6453789726249284,-0.009159894521543562,0.8600006103515625,0.0,0.25,0.0,True
61,6.687000000034459,0.6574976924055781,-0.009277643357042446,0.92999267578125,0.0,0.25,0.0,True
62,6.797000000020489,0.6688896033844147,-0.009812421963436666,0.92999267578125,0.0,0.25,0.0,True
63,6.9060000000172295,0.6802884567341817,-0.009921668344214823,0.8699951171875,0.0,0.25,0.0,True
64,7.01500000001397,0.6921671596374557,-0.010026241701425746,0.8699951171875,0.0,0.25,0.0,True
65,7.125,0.7035616611144471,-0.01041439481143446,0.959991455078125,0.0,0.25,0.0,True
66,7.23399999999674,0.7150794401195187,-0.010591548183976784,0.829986572265625,0.0,0.25,0.0,True
67,7.35899999999674,0.7395510838071211,-0.011212988035599166,0.8899993896484375,0.0,0.25,0.0,True
68,7.453000000037719,0.7511855027729528,-0.011604868306886059,0.8899993896484375,0.0,0.25,0.0,True
69,7.578000000037719,0.7651007857956019,-0.011954905287994798,0.8199920654296875,0.0,0.25,0.0,True
70,7.687000000034459,0.7770965248670155,-0.012269299915011326,0.8899993896484375,0.0,0.25,0.0,True
71,7.7810000000172295,0.7886120529261333,-0.01258832053391831,0.8899993896484375,0.0,0.25,0.0,True
72,7.9060000000172295,0.8000089234351266,-0.012829437060713983,0.8499908447265625,0.0,0.25,0.0,True
73,8.01500000001397,0.810447994478497,-0.012906808217999471,0.829986572265625,0.0,0.25,0.0,True
74,8.10899999999674,0.8235203956371359,-0.01344739679752051,0.80999755859375,0.0,0.25,0.0,True
75,8.23399999999674,0.833598606339351,-0.013597233920141137,0.839996337890625,0.0,0.25,0.0,True
76,8.34299999999348,0.8465540928075967,-0.01392989950321973,0.79998779296875,0.0,0.25,0.0,True
77,8.453000000037719,0.8584288755389178,-0.014311741767430703,0.8899993896484375,0.0,0.25,0.0,True
78,8.562000000034459,0.8700636525358184,-0.01469337545580388,0.8600006103515625,0.0,0.25,0.0,True
79,8.672000000020489,0.8930972032502047,-0.015178755707286759,0.92999267578125,0.0,0.25,0.0,True
80,8.78100000001723,0.904130209984954,-0.01563940641118149,0.9499969482421875,0.0,0.25,0.0,True
81,8.875,0.9128872747686708,-0.01585182914884721,0.9499969482421875,0.0,0.25,0.0,True
82,8.98399999999674,0.9272843214911473,-0.016087303899333143,0.92999267578125,0.0,0.25,0.0,True
83,9.09299999999348,0.937955890502087,-0.016612106955938528,0.92999267578125,0.0,0.25,0.0,True
84,9.203000000037719,0.9505544338789171,-0.016747990730572388,0.92999267578125,0.0,0.25,0.0,True
85,9.328000000037719,0.9623120836525346,-0.016937290277183815,0.8899993896484375,0.0,0.25,0.0,True
86,9.437000000034459,0.9743096572422714,-0.017127248614762315,0.92999267578125,0.0,0.25,0.0,True
87,9.53100000001723,0.9743096572422714,-0.017127248614762315,0.92999267578125,0.0,0.25,0.0,True
88,9.65600000001723,0.9974600356562665,-0.017831473979313037,0.899993896484375,0.0,0.25,0.0,True
89,9.76500000001397,1.022289098066223,-0.018578426864392983,0.9399871826171875,0.0,0.25,0.0,True
90,9.875,1.0338068351349228,-0.01875834528565454,0.8699951171875,0.0,0.25,0.0,True
91,9.98399999999674,1.0456877016761443,-0.018722726756540447,0.80999755859375,0.0,0.25,0.0,True
92,10.09299999999348,1.057799555313762,-0.01926567365194658,0.8899993896484375,0.0,0.25,0.0,True
93,10.203000000037719,1.067162031006106,-0.01913457063662904,0.8899993896484375,0.0,0.25,0.0,True
94,10.312000000034459,1.0808330067734608,-0.01976044571106299,0.8699951171875,0.0,0.25,0.0,True
95,10.422000000020489,1.092948455781113,-0.020025289830755338,0.9799957275390625,0.0,0.25,0.0,True
96,10.53100000001723,1.1043429240433438,-0.020415150130889032,0.9399871826171875,0.0,0.25,0.0,True
97,10.64000000001397,1.1158629726906797,-0.020453569778723275,0.80999755859375,0.0,0.25,0.0,True
98,10.76500000001397,1.1284672827868454,-0.020138488171792736,0.80999755859375,0.0,0.25,0.0,True
99,10.875,1.1524556605445637,-0.021012293468931718,0.7299957275390625,0.0,0.25,0.0,True
100,10.98399999999674,1.164212284334337,-0.02129332402122486,0.67999267578125,0.0,0.25,0.0,True
101,11.078000000037719,1.1757344000991963,-0.02115873989373876,0.769989013671875,0.0,0.25,0.0,True
102,11.203000000037719,1.1877269012486478,-0.021735929688529557,0.7599945068359375,0.0,0.25,0.0,True
103,11.312000000034459,1.1996041595113183,-0.02195600155674689,0.6899871826171875,0.0,0.25,0.0,True
104,11.422000000020489,1.211840689297384,-0.022242278185954832,0.6299896240234375,0.0,0.25,0.0,True
105,11.53100000001723,1.2207192342118625,-0.022345989653592448,0.67999267578125,0.0,0.25,0.0,True
106,11.64000000001397,1.23523471079123,-0.022725445006015366,0.6699981689453125,0.0,0.25,0.0,True
107,11.75,1.2472312712288598,-0.023008675553067213,0.709991455078125,0.0,0.25,0.0,True
108,11.85899999999674,1.258867118396127,-0.023355125989023437,0.6899871826171875,0.0,0.25,0.0,True
109,11.96799999999348,1.2841808932681764,-0.02387100397824656,0.6699981689453125,0.0,0.25,0.0,True
110,12.078000000037719,1.29605845282848,-0.024072963369345207,0.6299896240234375,0.0,0.25,0.0,True
111,12.187000000034459,1.3078152881546832,-0.024345263609882543,0.6599884033203125,0.0,0.25,0.0,True
112,12.297000000020489,1.3198136345509381,-0.02448314340584443,0.6599884033203125,0.0,0.25,0.0,True
113,12.40600000001723,1.3308521616395128,-0.02460176709007597,0.579986572265625,0.0,0.25,0.0,True
114,12.51500000001397,1.3438090320401948,-0.024877294161144276,0.6199951171875,0.0,0.25,0.0,True
115,12.625,1.3556866438371804,-0.025078876940402058,0.6599884033203125,0.0,0.25,0.0,True
116,12.73399999999674,1.3679235094198605,-0.025348728197652885,0.5399932861328125,0.0,0.25,0.0,True
117,12.84299999999348,1.3796821784028042,-0.02546400309168721,0.5399932861328125,0.0,0.25,0.0,True
118,12.96799999999348,1.3915600819445981,-0.025649295536927155,0.5699920654296875,0.0,0.25,0.0,True
119,13.078000000037719,1.4161603268355007,-0.025546363964410516,0.5399932861328125,0.0,0.25,0.0,True
120,13.187000000034459,1.4287529034815387,-0.026292150993445472,0.589996337890625,0.0,0.25,0.0,True
121,13.297000000020489,1.4396653456550133,-0.02690812818553414,0.709991455078125,0.0,0.25,0.0,True
122,13.39000000001397,1.4534638986294233,-0.0269980819757394,0.6899871826171875,0.0,0.25,0.0,True
123,13.5,1.464861415277282,-0.027202951246701457,0.6699981689453125,0.0,0.25,0.0,True
124,13.60899999999674,1.4767388781621424,-0.02741226069007567,0.709991455078125,0.0,0.25,0.0,True
125,13.71799999999348,1.4889771961726337,-0.027540151444030485,0.6399993896484375,0.0,0.25,0.0,True
126,13.828000000037719,1.5006149463713494,-0.027734929851127136,0.6199951171875,0.0,0.25,0.0,True
127,13.937000000034459,1.5111721508857692,-0.027983610028227728,0.6100006103515625,0.0,0.25,0.0,True
128,14.047000000020489,1.5247296718629686,-0.028186858896514014,0.5,0.0,0.25,0.0,True
129,14.15600000001723,1.5366075465334688,-0.028370715797456845,0.54998779296875,0.0,0.25,0.0,True
130,14.26500000001397,1.56203659625519,-0.029339520032429917,0.6299896240234375,0.0,0.25,0.0,True
131,14.375,1.5739141357227842,-0.029543793214272227,0.6599884033203125,0.0,0.25,0.0,True
132,14.48399999999674,1.5856709701416145,-0.02982034473831922,0.649993896484375,0.0,0.25,0.0,True
133,14.59299999999348,1.5977869318476527,-0.03016668142438335,0.6100006103515625,0.0,0.25,0.0,True
134,14.703000000037719,1.6096675927168258,-0.030080847427063743,0.589996337890625,0.0,0.25,0.0,True
135,14.812000000034459,1.621305370678587,-0.030274138712886107,0.589996337890625,0.0,0.25,0.0,True
136,14.922000000020489,1.6334232086176024,-0.030465481944851693,0.54998779296875,0.0,0.25,0.0,True
137,15.047000000020489,1.6453025638320982,-0.030495210197231077,0.42999267578125,0.0,0.25,0.0,True
138,15.15600000001723,1.657180689941687,-0.030662492084747073,0.4699859619140625,0.0,0.25,0.0,True
139,15.26500000001397,1.6690542247310058,-0.03126225069760691,0.6699981689453125,0.0,0.25,0.0,True
140,15.375,1.6814052476742691,-0.032029384242212945,0.67999267578125,0.0,0.25,0.0,True
141,15.48399999999674,1.706476478256355,-0.032713892249737316,0.739990234375,0.0,0.25,0.0,True
142,15.59299999999348,1.7176359234686402,-0.03277860744233727,0.649993896484375,0.0,0.25,0.0,True
143,15.703000000037719,1.7287936942405864,-0.032971468498709224,0.6399993896484375,0.0,0.25,0.0,True
144,15.812000000034459,1.7400686014440991,-0.033388781708927645,0.75,0.0,0.25,0.0,True
145,15.922000000020489,1.7520647300286563,-0.03368970406839976,0.7199859619140625,0.0,0.25,0.0,True
146,16.03100000001723,1.763703887660774,-0.0337616946462013,0.6399993896484375,0.0,0.25,0.0,True
147,16.14000000001397,1.775702166347685,-0.03390276830219572,0.6999969482421875,0.0,0.25,0.0,True
148,16.25,1.7874568961119055,-0.034328341927142104,0.739990234375,0.0,0.25,0.0,True
149,16.35899999999674,1.7992152079565655,-0.03446915405753063,0.6399993896484375,0.0,0.25,0.0,True
150,16.46799999999348,1.810619336659032,-0.03410485041011325,0.6299896240234375,0.0,0.25,0.0,True
151,16.57800000003772,1.8361671323802289,-0.03516205439945263,0.6399993896484375,0.0,0.25,0.0,True
152,16.68700000003446,1.8468465349388021,-0.035204107615959795,0.5999908447265625,0.0,0.25,0.0,True
153,16.78100000001723,1.8598034480177539,-0.035477896191154476,0.5999908447265625,0.0,0.25,0.0,True
154,16.90600000001723,1.8718004987605383,-0.03574065918635319,0.579986572265625,0.0,0.25,0.0,True
155,17.01500000001397,1.883559192450773,-0.03585710725640137,0.529998779296875,0.0,0.25,0.0,True
156,17.10899999999674,1.883559192450773,-0.03585710725640137,0.529998779296875,0.0,0.25,0.0,True
157,17.23399999999674,1.9074306914437071,-0.03660062834367709,0.6399993896484375,0.0,0.25,0.0,True
158,17.34299999999348,1.919189158469746,-0.03672787081460751,0.579986572265625,0.0,0.25,0.0,True
159,17.45300000003772,1.9313069884937428,-0.03691696306131517,0.579986572265625,0.0,0.25,0.0,True
160,17.54700000002049,1.9429419096251492,-0.037384802556928234,0.55999755859375,0.0,0.25,0.0,True
161,17.65600000001723,1.9559017259095006,-0.03737359178905212,0.54998779296875,0.0,0.25,0.0,True
162,17.76500000001397,1.968140299767645,-0.03748610191113191,0.529998779296875,0.0,0.25,0.0,True
163,17.875,1.989497510656898,-0.03768696288553224,0.4699859619140625,0.0,0.25,0.0,True
164,18.0,2.003413744299664,-0.038075387347264095,0.42999267578125,0.0,0.25,0.0,True
165,18.10899999999674,2.013255268890454,-0.037876707880014925,0.5399932861328125,0.0,0.25,0.0,True
166,18.20300000003772,2.0274039136176207,-0.0389910789728888,0.6199951171875,0.0,0.25,0.0,True
167,18.31200000003446,2.0377207199740033,-0.03925911651429075,0.75,0.0,0.25,0.0,True
168,18.42200000002049,2.0504292418989025,-0.04012859211617206,0.8799896240234375,0.0,0.25,0.0,True
169,18.53100000001723,2.062422748161725,-0.0405909485702999,0.8699951171875,0.0,0.25,0.0,True
170,18.64000000001397,2.073940769870227,-0.04076092205364611,0.839996337890625,0.0,0.25,0.0,True
171,18.75,2.087259409812757,-0.04087842924864926,0.79998779296875,0.0,0.25,0.0,True
172,18.85899999999674,2.0978133302650424,-0.041313374296760505,0.829986572265625,0.0,0.25,0.0,True
173,18.96799999999348,2.110652079808222,-0.041428630919557966,0.8199920654296875,0.0,0.25,0.0,True
174,19.07800000003772,2.1345247921019803,-0.04215346453007863,0.8600006103515625,0.0,0.25,0.0,True
175,19.18700000003446,2.145448007063361,-0.04179367496416374,0.8699951171875,0.0,0.25,0.0,True
176,19.29700000002049,2.145448007063361,-0.04179367496416374,0.8699951171875,0.0,0.25,0.0,True
177,19.40600000001723,2.1723147206958373,-0.042738899623032976,0.829986572265625,0.0,0.0,0.0,True
178,19.51500000001397,2.1723147206958373,-0.042738899623032976,0.6699981689453125,0.0,0.0,0.0,True
179,19.625,2.1723147206958373,-0.042738899623032976,0.589996337890625,0.0,0.0,0.0,True
180,19.73399999999674,2.1723147206958373,-0.042738899623032976,0.67999267578125,0.0,0.0,0.0,True
181,19.84299999999348,2.1723147206958373,-0.042738899623032976,0.6899871826171875,0.0,0.0,0.0,True
182,19.95300000003772,2.1723147206958373,-0.042738899623032976,0.6899871826171875,0.0,0.0,0.15,True
183,20.07800000003772,2.1723147206958373,-0.042738899623032976,1.1199951171875,0.0,0.0,0.15,True
184,20.18700000003446,2.1723147206958373,-0.042738899623032976,6.9699859619140625,0.0,0.0,0.15,True
185,20.29700000002049,2.1723147206958373,-0.042738899623032976,6.9699859619140625,0.0,0.0,0.15,True
186,20.39000000001397,2.1723147206958373,-0.042738899623032976,12.419998168945312,0.0,0.0,0.15,True
187,20.51500000001397,2.1723147206958373,-0.042738899623032976,15.759994506835938,0.0,0.0,0.15,True
188,20.625,2.1723147206958373,-0.042738899623032976,18.539993286132812,0.0,0.0,0.15,True
189,20.73399999999674,2.1723147206958373,-0.042738899623032976,21.349990844726562,0.0,0.0,0.15,True
190,20.82800000003772,2.1723147206958373,-0.042738899623032976,24.529991149902344,0.0,0.0,0.15,True
191,20.93700000003446,2.1723147206958373,-0.042738899623032976,27.469993591308594,0.0,0.0,0.15,True
192,21.04700000002049,2.1723147206958373,-0.042738899623032976,30.519996643066406,0.0,0.0,0.15,True
193,21.15600000001723,2.1723147206958373,-0.042738899623032976,33.37998962402344,0.0,0.0,0.15,True
194,21.26500000001397,2.1723147206958373,-0.042738899623032976,36.3699951171875,0.0,0.0,0.15,True
195,21.375,2.1723147206958373,-0.042738899623032976,39.339996337890625,0.0,0.0,0.15,True
196,21.48399999999674,2.1723147206958373,-0.042738899623032976,45.37998962402344,0.0,0.0,0.15,True
197,21.59299999999348,2.1723147206958373,-0.042738899623032976,48.09999084472656,0.0,0.0,0.15,True
198,21.70300000003772,2.1723147206958373,-0.042738899623032976,51.17999267578125,0.0,0.0,0.15,True
199,21.81200000003446,2.1723147206958373,-0.042738899623032976,54.139991760253906,0.0,0.0,0.15,True
200,21.92200000002049,2.1723147206958373,-0.042738899623032976,57.149993896484375,0.0,0.0,0.15,True
201,22.03100000001723,2.1723147206958373,-0.042738899623032976,60.17999267578125,0.0,0.0,0.15,True
202,22.14000000001397,2.1723147206958373,-0.042738899623032976,63.16999053955078,0.0,0.0,0.15,True
203,22.25,2.1723147206958373,-0.042738899623032976,66.20999145507812,0.0,0.0,0.15,True
204,22.34299999999348,2.1723147206958373,-0.042738899623032976,69.14999389648438,0.0,0.0,0.15,True
205,22.45300000003772,2.1723147206958373,-0.042738899623032976,72.25999450683594,0.0,0.0,0.15,True
206,22.56200000003446,2.1723147206958373,-0.042738899623032976,75.12998962402344,0.0,0.0,0.15,True
207,22.67200000002049,2.1723147206958373,-0.042738899623032976,77.99999237060547,0.0,0.0,0.15,True
208,22.78100000001723,2.1723147206958373,-0.042738899623032976,81.20999145507812,0.0,0.0,0.15,True
209,22.89000000001397,2.1723147206958373,-0.042738899623032976,87.34999465942383,0.0,0.0,0.15,True
210,23.0,2.1723147206958373,-0.042738899623032976,90.07999420166016,0.0,0.0,0.15,True
211,23.10899999999674,2.1723147206958373,-0.042738899623032976,93.26999282836914,0.0,0.0,0.15,True
212,23.21799999999348,2.1723147206958373,-0.042738899623032976,96.17999267578125,0.0,0.0,0.15,True
213,23.32800000003772,2.1723147206958373,-0.042738899623032976,99.26999282836914,0.0,0.0,0.15,True
214,23.42200000002049,2.1723147206958373,-0.042738899623032976,102.40999221801758,0.0,0.0,0.15,True
215,23.53100000001723,2.1723147206958373,-0.042738899623032976,105.29999160766602,0.0,0.0,0.15,True
216,23.64000000001397,2.1723147206958373,-0.042738899623032976,108.24999237060547,0.0,0.0,0.0,True
217,23.75,2.1723147206958373,-0.042738899623032976,110.9799919128418,0.0,0.0,0.0,True
218,23.85899999999674,2.1723147206958373,-0.042738899623032976,110.91999435424805,0.0,0.0,0.0,True
219,23.96799999999348,2.1723147206958373,-0.042738899623032976,110.89999389648438,0.0,0.0,0.0,True
220,24.07800000003772,2.1723147206958373,-0.042738899623032976,110.89999389648438,0.0,0.0,0.0,True
221,24.18700000003446,2.1723147206958373,-0.042738899623032976,110.90999221801758,0.0,0.0,0.0,True
222,24.29700000002049,2.1723147206958373,-0.042738899623032976,110.89999389648438,0.0,0.0,0.0,True
223,24.40600000001723,2.1723147206958373,-0.042738899623032976,110.89999389648438,0.0,0.0,0.0,True
224,24.51500000001397,2.1723147206958373,-0.042738899623032976,110.90999221801758,0.0,0.0,0.0,True
225,24.625,2.1723147206958373,-0.042738899623032976,110.90999221801758,0.0,0.0,0.0,True
226,24.75,2.1723147206958373,-0.042738899623032976,110.90999221801758,0.0,0.0,0.0,True
227,24.85899999999674,2.1723147206958373,-0.042738899623032976,110.90999221801758,0.0,0.0,0.0,True
228,24.96799999999348,2.1723147206958373,-0.042738899623032976,110.90999221801758,0.0,0.0,0.0,True
229,25.07800000003772,2.1723147206958373,-0.042738899623032976,110.90999221801758,0.0,0.0,0.0,True
230,25.18700000003446,2.1723147206958373,-0.042738899623032976,110.91999435424805,0.0,0.0,0.0,True
231,25.29700000002049,2.1723147206958373,-0.042738899623032976,110.91999435424805,0.0,0.0,0.0,True
232,25.40600000001723,2.1723147206958373,-0.042738899623032976,110.91999435424805,0.0,0.0,0.0,True
233,25.51500000001397,2.1723147206958373,-0.042738899623032976,110.91999435424805,0.0,0.0,0.0,True
234,25.625,2.1723147206958373,-0.042738899623032976,110.91999435424805,0.0,0.0,0.0,True
235,25.73399999999674,2.1723147206958373,-0.042738899623032976,110.91999435424805,0.0,0.0,0.0,True
236,25.84299999999348,2.1723147206958373,-0.042738899623032976,110.91999435424805,0.0,0.0,0.0,True
237,25.95300000003772,2.1723147206958373,-0.042738899623032976,110.91999435424805,0.0,0.0,0.0,True
238,26.06200000003446,2.1723147206958373,-0.042738899623032976,110.91999435424805,0.0,0.0,0.0,True
239,26.17200000002049,2.1723147206958373,-0.042738899623032976,110.90999221801758,0.0,0.0,0.0,True
240,26.28100000001723,2.1723147206958373,-0.042738899623032976,110.91999435424805,0.0,0.0,0.0,True
241,26.39000000001397,2.1723147206958373,-0.042738899623032976,110.91999435424805,0.0,0.0,-0.15,True
242,26.51500000001397,2.1723147206958373,-0.042738899623032976,109.78999328613281,0.0,0.0,-0.15,True
243,26.625,2.1723147206958373,-0.042738899623032976,107.23999404907227,0.0,0.0,0.0,True
244,26.73399999999674,2.1723147206958373,-0.042738899623032976,104.99999237060547,0.0,0.0,0.0,True
245,26.84299999999348,2.1723147206958373,-0.042738899623032976,105.04999160766602,0.0,0.0,0.0,True
246,26.95300000003772,2.1723147206958373,-0.042738899623032976,105.1299934387207,0.0,0.0,0.0,True
247,27.06200000003446,2.1723147206958373,-0.042738899623032976,105.1299934387207,0.0,0.0,0.0,True
248,27.17200000002049,2.1723147206958373,-0.042738899623032976,105.1399917602539,0.0,0.0,0.0,True
249,27.28100000001723,2.1723147206958373,-0.042738899623032976,105.1399917602539,0.0,0.0,0.0,True
250,27.39000000001397,2.1723147206958373,-0.042738899623032976,105.1399917602539,0.0,0.0,0.0,True
251,27.5,2.1723147206958373,-0.042738899623032976,105.1399917602539,0.0,0.0,0.0,True
252,27.60899999999674,2.1723147206958373,-0.042738899623032976,105.14999389648438,0.0,0.0,0.0,True
253,27.71799999999348,2.1723147206958373,-0.042738899623032976,105.14999389648438,0.0,0.0,-0.15,True
254,27.82800000003772,2.1723147206958373,-0.042738899623032976,105.08999252319336,0.0,0.0,-0.15,True
255,27.93700000003446,2.1723147206958373,-0.042738899623032976,102.73999404907227,0.0,0.0,-0.15,True
256,28.04700000002049,2.1723147206958373,-0.042738899623032976,100.25999450683594,0.0,0.0,0.0,True
257,28.15600000001723,2.1723147206958373,-0.042738899623032976,97.83999252319336,0.0,0.0,0.0,True
258,28.26500000001397,2.1723147206958373,-0.042738899623032976,97.95999145507812,0.0,0.0,0.0,True
259,28.375,2.1723147206958373,-0.042738899623032976,97.9799919128418,0.0,0.0,0.0,True
260,28.48399999999674,2.1723147206958373,-0.042738899623032976,97.9799919128418,0.0,0.0,0.0,True
261,28.59299999999348,2.1723147206958373,-0.042738899623032976,97.9799919128418,0.0,0.0,0.0,True
262,28.70300000003772,2.1723147206958373,-0.042738899623032976,97.98999404907227,0.0,0.0,-0.15,True
263,28.81200000003446,2.1723147206958373,-0.042738899623032976,97.10999298095703,0.0,0.0,-0.15,True
264,28.93700000003446,2.1723147206958373,-0.042738899623032976,94.9699935913086,0.0,0.0,0.0,True
265,29.04700000002049,2.1723147206958373,-0.042738899623032976,92.24999237060547,0.0,0.0,0.0,True
266,29.15600000001723,2.1723147206958373,-0.042738899623032976,92.43999481201172,0.0,0.0,0.0,True
267,29.26500000001397,2.1723147206958373,-0.042738899623032976,92.53999328613281,0.0,0.0,0.0,True
268,29.375,2.1723147206958373,-0.042738899623032976,92.52999496459961,0.0,0.0,0.0,True
269,29.48399999999674,2.1723147206958373,-0.042738899623032976,92.52999496459961,0.0,0.0,0.0,True
270,29.59299999999348,2.1723147206958373,-0.042738899623032976,92.52999496459961,0.0,0.0,0.0,True
271,29.70300000003772,2.1723147206958373,-0.042738899623032976,92.52999496459961,0.0,0.0,0.0,True
272,29.81200000003446,2.1723147206958373,-0.042738899623032976,92.52999496459961,0.0,0.0,-0.15,True
273,29.92200000002049,2.1723147206958373,-0.042738899623032976,91.50999450683594,0.0,0.0,-0.15,True
274,30.03100000001723,2.1723147206958373,-0.042738899623032976,89.58999252319336,0.0,0.0,0.0,True
275,30.14000000001397,2.1723147206958373,-0.042738899623032976,86.50999450683594,0.0,0.0,0.0,True
276,30.25,2.1723147206958373,-0.042738899623032976,86.43999481201172,0.0,0.0,0.0,True
277,30.35899999999674,2.1723147206958373,-0.042738899623032976,86.43999481201172,0.0,0.0,0.0,True
278,30.46799999999348,2.1723147206958373,-0.042738899623032976,86.44999313354492,0.0,0.0,0.0,True
279,30.57800000003772,2.1723147206958373,-0.042738899623032976,86.45999145507812,0.0,0.0,0.0,True
280,30.68700000003446,2.1723147206958373,-0.042738899623032976,86.43999481201172,0.0,0.0,0.15,True
281,30.79700000002049,2.1723147206958373,-0.042738899623032976,86.54999160766602,0.0,0.0,0.0,True
282,30.90600000001723,2.1723147206958373,-0.042738899623032976,89.28999328613281,0.0,0.0,0.0,True
283,31.01500000001397,2.1723147206958373,-0.042738899623032976,89.28999328613281,0.0,0.0,0.0,True
284,31.125,2.1723147206958373,-0.042738899623032976,89.29999160766602,0.0,0.0,0.0,True
285,31.23399999999674,2.1723147206958373,-0.042738899623032976,89.29999160766602,0.0,0.0,0.0,True
286,31.34299999999348,2.1723147206958373,-0.042738899623032976,89.29999160766602,0.0,0.0,0.0,True
287,31.45300000003772,2.1723147206958373,-0.042738899623032976,89.29999160766602,0.0,0.0,0.0,True
288,31.56200000003446,2.1723147206958373,-0.042738899623032976,89.29999160766602,0.0,0.0,0.0,True
289,31.67200000002049,2.1723147206958373,-0.042738899623032976,89.30999374389648,0.0,0.0,0.0,True
290,31.78100000001723,2.1723147206958373,-0.042738899623032976,89.29999160766602,0.0,0.0,0.0,True
291,31.90600000001723,2.1723147206958373,-0.042738899623032976,89.29999160766602,0.0,0.25,0.0,True
292,32.01500000001397,2.1717639857050735,-0.048625729810938254,89.30999374389648,0.0,0.25,0.0,True
293,32.125,2.1711775007240877,-0.0579923827422914,89.4699935913086,0.0,0.25,0.0,True
294,32.23399999999674,2.170376766831863,-0.06963903226847445,89.66999435424805,0.0,0.25,0.0,True
295,32.34299999999348,2.1699440004136386,-0.08128007032873893,89.83999252319336,0.0,0.25,0.0,True
296,32.45300000003772,2.169538413570418,-0.09328019010722526,90.05999374389648,0.0,0.25,0.0,True
297,32.56200000003446,2.1683915785612546,-0.10575595822365037,90.20999145507812,0.0,0.25,0.0,True
298,32.67200000002049,2.168348376281198,-0.11751496202954322,90.19999313354492,0.0,0.25,0.0,True
299,32.78100000001723,2.1680936269327744,-0.1289131581068254,90.23999404907227,0.0,0.25,0.0,True
300,32.89000000001397,2.167686420952607,-0.14055031770172052,90.27999496459961,0.0,0.25,0.0,True
301,33.0,2.1678006301163073,-0.16370929268630968,90.18999481201172,0.0,0.25,0.0,True
302,33.10899999999674,2.1678387457591195,-0.17510864911436616,90.14999389648438,0.0,0.25,0.0,True
303,33.21799999999348,2.1679618249312482,-0.1868677579315846,90.03999328613281,0.0,0.25,0.0,True
304,33.34299999999348,2.1680224646877697,-0.19850694911899738,90.01999282836914,0.0,0.25,0.0,True
305,33.43700000003446,2.1682906110361664,-0.21050632608105982,90.04999160766602,0.0,0.25,0.0,True
306,33.54700000002049,2.16779473097958,-0.2231049018124438,89.98999404907227,0.0,0.25,0.0,True
307,33.67200000002049,2.16787124504967,-0.2347440938819695,89.93999481201172,0.0,0.25,0.0,True
308,33.76500000001397,2.1678050897167864,-0.2461430324077626,90.01999282836914,0.0,0.25,0.0,True
309,33.89000000001397,2.167649898369409,-0.2579018779620925,90.10999298095703,0.0,0.25,0.0,True
310,34.0,2.1676414914352846,-0.26942097911373536,89.9699935913086,0.0,0.25,0.0,True
311,34.10899999999674,2.167908403020554,-0.29101959286112933,90.10999298095703,0.0,0.25,0.0,True
312,34.21799999999348,2.1676788043356034,-0.30265812626323857,90.05999374389648,0.0,0.25,0.0,True
313,34.32800000003772,2.1673294363025613,-0.31621685514436426,89.98999404907227,0.0,0.25,0.0,True
314,34.43700000003446,2.1672582337178317,-0.32761600032548244,90.01999282836914,0.0,0.25,0.0,True
315,34.54700000002049,2.167181544735168,-0.33949508434920594,89.99999237060547,0.0,0.25,0.0,True
316,34.65600000001723,2.1673279641349574,-0.35245402334239384,89.89999389648438,0.0,0.25,0.0,True
317,34.76500000001397,2.167130752219277,-0.3638533325973242,89.9699935913086,0.0,0.25,0.0,True
318,34.875,2.16698748753352,-0.3756121949328361,89.9699935913086,0.0,0.25,0.0,True
319,34.98399999999674,2.167131477367863,-0.3856914633796198,89.91999435424805,0.0,0.25,0.0,True
320,35.09299999999348,2.1675721247879154,-0.3984097879360274,89.8799934387207,0.0,0.25,0.0,True
321,35.20300000003772,2.1670447808375313,-0.422168728992971,89.92999267578125,0.0,0.25,0.0,True
322,35.31200000003446,2.167064635445416,-0.43392783032836935,89.8699951171875,0.0,0.25,0.0,True
323,35.42200000002049,2.166813371914543,-0.4454474942595582,89.8899917602539,0.0,0.25,0.0,True
324,35.51500000001397,2.1666244638055803,-0.4570868788724983,89.91999435424805,0.0,0.25,0.0,True
325,35.625,2.1670599908887076,-0.46932519199716327,89.8699951171875,0.0,0.25,0.0,True
326,35.73399999999674,2.1666668227483505,-0.4806052060995557,89.8899917602539,0.0,0.25,0.0,True
327,35.84299999999348,2.1665530140738833,-0.49356449963736004,89.83999252319336,0.0,0.25,0.0,True
328,35.96799999999348,2.166728134584754,-0.5050832759732912,89.80999374389648,0.0,0.25,0.0,True
329,36.07800000003772,2.166700544844129,-0.5169625371649557,89.81999206542969,0.0,0.25,0.0,True
330,36.17200000002049,2.1668676863188576,-0.5277614453660323,89.85999298095703,0.0,0.25,0.0,True
331,36.29700000002049,2.1667635421951066,-0.5402407066785738,89.80999374389648,0.0,0.25,0.0,True
332,36.40600000001723,2.1668853220627944,-0.551879351458284,89.69999313354492,0.0,0.25,0.0,True
333,36.51500000001397,2.167283013924671,-0.5746757137131772,89.65999221801758,0.0,0.25,0.0,True
334,36.625,2.1666600144558914,-0.5873984659602436,89.7299919128418,0.0,0.25,0.0,True
335,36.73399999999674,2.1663587426854938,-0.5995186932786488,89.90999221801758,0.0,0.25,0.0,True
336,36.84299999999348,2.165883291756375,-0.6116382301652953,89.99999237060547,0.0,0.25,0.0,True
337,36.95300000003772,2.1660198159325357,-0.6241176475696265,90.02999496459961,0.0,0.25,0.0,True
338,37.06200000003446,2.1656633903007574,-0.6369565336845984,90.08999252319336,0.0,0.25,0.0,True
339,37.17200000002049,2.1654965972349443,-0.6487152866014674,90.10999298095703,0.0,0.25,0.0,True
340,37.28100000001723,2.165552597877695,-0.6603547209676196,90.03999328613281,0.0,0.25,0.0,True
341,37.39000000001397,2.1656945565011565,-0.6723537550347277,89.94999313354492,0.0,0.25,0.0,True
342,37.51500000001397,2.1656233751087783,-0.6839928326473088,90.02999496459961,0.0,0.25,0.0,True
343,37.60899999999674,2.1659249048962756,-0.7058310491474122,89.81999206542969,0.0,0.25,0.0,True
344,37.71799999999348,2.1660351045824666,-0.7193896982235222,89.8799934387207,0.0,0.25,0.0,True
345,37.82800000003772,2.1662041513596892,-0.7311483788252119,89.81999206542969,0.0,0.25,0.0,True
346,37.95300000003772,2.1663166438688393,-0.7425472181186875,89.7199935913086,0.0,0.25,0.0,True
347,38.06200000003446,2.16652315527902,-0.7559852584602156,89.7299919128418,0.0,0.25,0.0,True
348,38.17200000002049,2.16643306455266,-0.7677449068044576,89.74999237060547,0.0,0.25,0.0,True
349,38.28100000001723,2.1661289332708735,-0.7793849782237237,89.82999420166016,0.0,0.25,0.0,True
350,38.39000000001397,2.1657438286799895,-0.7913852141799667,89.8799934387207,0.0,0.25,0.0,True
351,38.5,2.1654044293577233,-0.8032646049585108,89.9699935913086,0.0,0.25,0.0,True
352,38.60899999999674,2.1655508277920323,-0.8147836722914621,89.93999481201172,0.0,0.25,0.0,True
353,38.71799999999348,2.16576134177913,-0.8385413723947528,89.78999328613281,0.0,0.25,0.0,True
354,38.82800000003772,2.16576134177913,-0.8385413723947528,89.78999328613281,0.0,0.25,0.0,True
355,38.93700000003446,2.1656490328438993,-0.8607403192945844,89.80999374389648,0.0,0.25,0.0,True
356,39.04700000002049,2.165348147167442,-0.8743000593865909,89.85999298095703,0.0,0.25,0.0,True
357,39.15600000001723,2.164960183849362,-0.8877400754786704,89.90999221801758,0.0,0.25,0.0,True
358,39.26500000001397,2.1653907371387926,-0.8987787287865509,89.92999267578125,0.0,0.25,0.0,True
359,39.375,2.1652074310148754,-0.911377932685997,89.89999389648438,0.0,0.25,0.0,True
360,39.48399999999674,2.1651641667094967,-0.9218176205651886,89.78999328613281,0.0,0.25,0.0,True
361,39.59299999999348,2.165569546684872,-0.9348954341771092,89.69999313354492,0.0,0.25,0.0,True
362,39.70300000003772,2.165494147386251,-0.9468951259538841,89.7199935913086,0.0,0.25,0.0,True
363,39.82800000003772,2.164738115346467,-0.9708952504442719,89.8699951171875,0.0,0.25,0.0,True
364,39.93700000003446,2.1645502963133065,-0.9827747612750661,89.95999145507812,0.0,0.25,0.0,True
365,40.04700000002049,2.1648223484927125,-0.9942941057426011,90.03999328613281,0.0,0.25,0.0,True
366,40.15600000001723,2.164895050908003,-1.007132607919914,89.93999481201172,0.0,0.25,0.0,True
367,40.26500000001397,2.1645635991045453,-1.0182921837317656,89.91999435424805,0.0,0.25,0.0,True
368,40.375,2.164793850215911,-1.0304108997060157,89.91999435424805,0.0,0.25,0.0,True
369,40.48399999999674,2.1647460300044146,-1.0432499517062332,89.84999465942383,0.0,0.25,0.0,True
370,40.59299999999348,2.164860271693079,-1.0548888346658098,89.74999237060547,0.0,0.25,0.0,True
371,40.70300000003772,2.1651984039012713,-1.0668864266406717,89.68999481201172,0.0,0.25,0.0,True
372,40.81200000003446,2.1648612396862954,-1.0901662341703608,89.89999389648438,0.0,0.25,0.0,True
373,40.92200000002049,2.164256952965656,-1.102766439349488,89.91999435424805,0.0,0.25,0.0,True
374,41.03100000001723,2.164198054196833,-1.1151259733336685,89.92999267578125,0.0,0.25,0.0,True
375,41.14000000001397,2.164134066510758,-1.126525159177362,89.9699935913086,0.0,0.25,0.0,True
376,41.25,2.1642142663932056,-1.1381642031583667,89.8899917602539,0.0,0.25,0.0,True
377,41.35899999999674,2.1643244874532837,-1.1531629005032753,89.78999328613281,0.0,0.25,0.0,True
378,41.48399999999674,2.164434760205014,-1.1645617721798027,89.76999282836914,0.0,0.25,0.0,True
379,41.57800000003772,2.1645555566313797,-1.1771604963208078,89.76999282836914,0.0,0.25,0.0,True
380,41.70300000003772,2.164174631638875,-1.188201274596087,89.8799934387207,0.0,0.25,0.0,True
381,41.81200000003446,2.163284063228012,-1.2022407927512584,90.01999282836914,0.0,0.25,0.0,True
382,41.92200000002049,2.1631331866385746,-1.2207195038097203,89.90999221801758,0.0,0.0,0.0,True
383,42.03100000001723,2.1631331866385746,-1.2207195038097203,89.95999145507812,0.0,0.0,0.0,True
384,42.14000000001397,2.1631331866385746,-1.2207195038097203,90.26999282836914,0.0,0.0,0.0,True
385,42.25,2.1631331866385746,-1.2207195038097203,90.26999282836914,0.0,0.0,0.0,True
386,42.35899999999674,2.1631331866385746,-1.2207195038097203,90.27999496459961,0.0,0.0,0.0,True
387,42.46799999999348,2.1631331866385746,-1.2207195038097203,90.27999496459961,0.0,0.0,0.0,True
388,42.57800000003772,2.1631331866385746,-1.2207195038097203,90.28999328613281,0.0,0.0,0.0,True
389,42.68700000003446,2.1631331866385746,-1.2207195038097203,90.27999496459961,0.0,0.0,0.0,True
390,42.79700000002049,2.1631331866385746,-1.2207195038097203,90.27999496459961,0.0,0.0,0.0,True
391,42.90600000001723,2.1631331866385746,-1.2207195038097203,90.27999496459961,0.0,0.0,0.0,True
392,43.01500000001397,2.1631331866385746,-1.2207195038097203,90.27999496459961,0.0,0.0,0.0,True
393,43.125,2.1631331866385746,-1.2207195038097203,90.27999496459961,0.0,0.0,0.0,True
394,43.25,2.1631331866385746,-1.2207195038097203,90.27999496459961,0.0,0.0,0.0,True
395,43.35899999999674,2.1631331866385746,-1.2207195038097203,90.26999282836914,0.0,0.0,0.0,True
396,43.46799999999348,2.1631331866385746,-1.2207195038097203,90.26999282836914,0.0,0.0,0.0,True
397,43.57800000003772,2.1631331866385746,-1.2207195038097203,90.27999496459961,0.0,0.0,0.0,True
398,43.68700000003446,2.1631331866385746,-1.2207195038097203,90.26999282836914,0.0,0.0,0.0,True
399,43.79700000002049,2.1631331866385746,-1.2207195038097203,90.26999282836914,0.0,0.0,0.0,True
400,43.90600000001723,2.1631331866385746,-1.2207195038097203,90.26999282836914,0.0,0.0,0.0,True
401,44.01500000001397,2.1631331866385746,-1.2207195038097203,90.27999496459961,0.0,0.0,0.0,True
402,44.125,2.1631331866385746,-1.2207195038097203,90.27999496459961,0.0,0.0,0.0,True
403,44.23399999999674,2.1631331866385746,-1.2207195038097203,90.26999282836914,0.0,0.0,0.0,True
404,44.34299999999348,2.1631331866385746,-1.2207195038097203,90.26999282836914,0.0,0.0,0.0,True
405,44.45300000003772,2.1631331866385746,-1.2207195038097203,90.27999496459961,0.0,0.0,0.0,True
406,44.56200000003446,2.1631331866385746,-1.2207195038097203,90.28999328613281,0.0,0.0,0.0,True
407,44.67200000002049,2.1631331866385746,-1.2207195038097203,90.27999496459961,0.0,0.0,0.0,True
408,44.78100000001723,2.1631331866385746,-1.2207195038097203,90.27999496459961,0.0,0.0,0.0,True
409,44.89000000001397,2.1631331866385746,-1.2207195038097203,90.27999496459961,0.0,0.0,0.0,True
410,45.0,2.1631331866385746,-1.2207195038097203,90.28999328613281,0.0,0.0,0.0,True
411,45.10899999999674,2.1631331866385746,-1.2207195038097203,90.28999328613281,0.0,0.0,0.0,True
412,45.21799999999348,2.1631331866385746,-1.2207195038097203,90.28999328613281,0.0,0.0,0.0,True
413,45.32800000003772,2.1631331866385746,-1.2207195038097203,90.28999328613281,0.0,0.0,0.0,True
414,45.43700000003446,2.1631331866385746,-1.2207195038097203,90.28999328613281,0.0,0.0,0.0,True
415,45.54700000002049,2.1631331866385746,-1.2207195038097203,90.28999328613281,0.0,0.0,0.0,True
416,45.67200000002049,2.1631331866385746,-1.2207195038097203,90.28999328613281,0.0,0.0,0.0,True
417,45.78100000001723,2.1631331866385746,-1.2207195038097203,90.28999328613281,0.0,0.0,0.0,True
418,45.89000000001397,2.1631331866385746,-1.2207195038097203,90.28999328613281,0.0,0.0,0.0,True
419,46.0,2.1631331866385746,-1.2207195038097203,90.28999328613281,0.0,0.0,0.0,True
420,46.10899999999674,2.1631331866385746,-1.2207195038097203,90.28999328613281,0.0,0.0,0.0,True
421,46.21799999999348,2.1631331866385746,-1.2207195038097203,90.28999328613281,0.0,0.0,0.0,True
422,46.32800000003772,2.1631331866385746,-1.2207195038097203,90.28999328613281,0.0,0.0,0.0,True
423,46.43700000003446,2.1631331866385746,-1.2207195038097203,90.28999328613281,0.0,0.0,0.0,True
424,46.54700000002049,2.1631331866385746,-1.2207195038097203,90.29999160766602,0.0,0.0,0.0,True
425,46.65600000001723,2.1631331866385746,-1.2207195038097203,90.29999160766602,0.0,0.0,0.0,True
426,46.76500000001397,2.1631331866385746,-1.2207195038097203,90.29999160766602,0.0,0.0,0.0,True
427,46.875,2.1631331866385746,-1.2207195038097203,90.28999328613281,0.0,0.0,0.0,True
428,46.98399999999674,2.1631331866385746,-1.2207195038097203,90.28999328613281,0.0,0.0,0.0,True
429,47.09299999999348,2.1631331866385746,-1.2207195038097203,90.29999160766602,0.0,0.0,0.0,True
430,47.20300000003772,2.1631331866385746,-1.2207195038097203,90.29999160766602,0.0,0.0,0.0,True
431,47.31200000003446,2.1631331866385746,-1.2207195038097203,90.29999160766602,0.0,0.0,0.0,True
432,47.42200000002049,2.1631331866385746,-1.2207195038097203,90.29999160766602,0.0,0.0,0.0,True
433,47.53100000001723,2.1631331866385746,-1.2207195038097203,90.29999160766602,0.0,0.0,0.0,True
434,47.64000000001397,2.1631331866385746,-1.2207195038097203,90.29999160766602,0.0,0.0,0.0,True
435,47.76500000001397,2.1631331866385746,-1.2207195038097203,90.29999160766602,0.0,0.0,0.0,True
436,47.875,2.1631331866385746,-1.2207195038097203,90.29999160766602,0.0,0.0,0.0,True
437,47.98399999999674,2.1631331866385746,-1.2207195038097203,90.29999160766602,0.0,0.0,0.0,True
438,48.09299999999348,2.1631331866385746,-1.2207195038097203,90.29999160766602,0.0,0.0,0.0,True
439,48.20300000003772,2.1631331866385746,-1.2207195038097203,90.29999160766602,0.0,0.0,0.0,True
440,48.31200000003446,2.1631331866385746,-1.2207195038097203,90.29999160766602,0.0,0.0,0.15,True
441,48.42200000002049,2.1631331866385746,-1.2207195038097203,90.29999160766602,0.0,0.0,0.15,True
442,48.53100000001723,2.1631331866385746,-1.2207195038097203,93.6299934387207,0.0,0.0,0.15,True
443,48.64000000001397,2.1631331866385746,-1.2207195038097203,96.53999328613281,0.0,0.0,0.15,True
444,48.75,2.1631331866385746,-1.2207195038097203,99.48999404907227,0.0,0.0,0.15,True
445,48.84299999999348,2.1631331866385746,-1.2207195038097203,102.43999481201172,0.0,0.0,0.15,True
446,48.95300000003772,2.1631331866385746,-1.2207195038097203,105.30999374389648,0.0,0.0,0.15,True
447,49.06200000003446,2.1631331866385746,-1.2207195038097203,108.08999252319336,0.0,0.0,0.15,True
448,49.17200000002049,2.1631331866385746,-1.2207195038097203,111.15999221801758,0.0,0.0,0.15,True
449,49.29700000002049,2.1631331866385746,-1.2207195038097203,113.9699935913086,0.0,0.0,0.15,True
450,49.40600000001723,2.1631331866385746,-1.2207195038097203,116.97999382019043,0.0,0.0,0.15,True
451,49.51500000001397,2.1631331866385746,-1.2207195038097203,119.83999252319336,0.0,0.0,0.15,True
452,49.625,2.1631331866385746,-1.2207195038097203,123.0099925994873,0.0,0.0,0.15,True
453,49.73399999999674,2.1631331866385746,-1.2207195038097203,128.6899929046631,0.0,0.0,0.15,True
454,49.82800000003772,2.1631331866385746,-1.2207195038097203,131.7899932861328,0.0,0.0,0.15,True
455,49.93700000003446,2.1631331866385746,-1.2207195038097203,134.4399929046631,0.0,0.0,0.15,True
456,50.04700000002049,2.1631331866385746,-1.2207195038097203,137.44999313354492,0.0,0.0,0.15,True
457,50.15600000001723,2.1631331866385746,-1.2207195038097203,140.47999334335327,0.0,0.0,0.15,True
458,50.26500000001397,2.1631331866385746,-1.2207195038097203,143.45999336242676,0.0,0.0,0.15,True
459,50.35899999999674,2.1631331866385746,-1.2207195038097203,146.40999329090118,0.0,0.0,0.15,True
460,50.46799999999348,2.1631331866385746,-1.2207195038097203,149.36999320983887,0.0,0.0,0.15,True
461,50.57800000003772,2.1631331866385746,-1.2207195038097203,152.36999320983887,0.0,0.0,0.15,True
462,50.68700000003446,2.1631331866385746,-1.2207195038097203,155.23999309539795,0.0,0.0,0.15,True
463,50.81200000003446,2.1631331866385746,-1.2207195038097203,158.30999374389648,0.0,0.0,0.15,True
464,50.92200000002049,2.1631331866385746,-1.2207195038097203,161.10999298095703,0.0,0.0,0.15,True
465,51.03100000001723,2.1631331866385746,-1.2207195038097203,163.94999313354492,0.0,0.0,0.15,True
466,51.14000000001397,2.1631331866385746,-1.2207195038097203,170.1299934387207,0.0,0.0,0.0,True
467,51.25,2.1631331866385746,-1.2207195038097203,172.92999267578125,0.0,0.0,0.0,True
468,51.35899999999674,2.1631331866385746,-1.2207195038097203,173.01999282836914,0.0,0.0,0.0,True
469,51.46799999999348,2.1631331866385746,-1.2207195038097203,173.0099925994873,0.0,0.0,0.0,True
470,51.57800000003772,2.1631331866385746,-1.2207195038097203,173.01999282836914,0.0,0.0,0.0,True
471,51.68700000003446,2.1631331866385746,-1.2207195038097203,173.02999305725098,0.0,0.0,0.15,True
472,51.79700000002049,2.1631331866385746,-1.2207195038097203,173.2199935913086,0.0,0.0,0.15,True
473,51.92200000002049,2.1631331866385746,-1.2207195038097203,175.6899929046631,0.0,0.0,0.0,True
474,52.03100000001723,2.1631331866385746,-1.2207195038097203,177.9699935913086,0.0,0.0,0.0,True
475,52.14000000001397,2.1631331866385746,-1.2207195038097203,177.7799949645996,0.0,0.0,0.0,True
476,52.25,2.1631331866385746,-1.2207195038097203,177.7799949645996,0.0,0.0,0.0,True
477,52.35899999999674,2.1631331866385746,-1.2207195038097203,177.76999282836914,0.0,0.0,0.0,True
478,52.46799999999348,2.1631331866385746,-1.2207195038097203,177.75999450683594,0.0,0.0,0.0,True
479,52.57800000003772,2.1631331866385746,-1.2207195038097203,177.74999237060547,0.0,0.0,0.15,True
480,52.68700000003446,2.1631331866385746,-1.2207195038097203,177.7899932861328,0.0,0.0,0.15,True
481,52.79700000002049,2.1631331866385746,-1.2207195038097203,-179.55000686645508,0.0,0.0,0.0,True
482,52.89000000001397,2.1631331866385746,-1.2207195038097203,-176.6300048828125,0.0,0.0,0.0,True
483,53.0,2.1631331866385746,-1.2207195038097203,-174.99000549316406,0.0,0.0,0.0,True
484,53.10899999999674,2.1631331866385746,-1.2207195038097203,-175.14000701904297,0.0,0.0,0.0,True
485,53.23399999999674,2.1631331866385746,-1.2207195038097203,-175.16000747680664,0.0,0.0,0.0,True
486,53.32800000003772,2.1631331866385746,-1.2207195038097203,-175.17000579833984,0.0,0.0,0.0,True
487,53.43700000003446,2.1631331866385746,-1.2207195038097203,-175.16000747680664,0.0,0.0,-0.15,True
488,53.54700000002049,2.1631331866385746,-1.2207195038097203,-175.8600082397461,0.0,0.0,0.0,True
489,53.65600000001723,2.1631331866385746,-1.2207195038097203,-177.50000762939453,0.0,0.0,0.0,True
490,53.76500000001397,2.1631331866385746,-1.2207195038097203,-177.2800064086914,0.0,0.0,0.0,True
491,53.875,2.1631331866385746,-1.2207195038097203,-177.29000854492188,0.0,0.0,0.0,True
492,53.98399999999674,2.1631331866385746,-1.2207195038097203,-177.2800064086914,0.0,0.0,0.0,True
493,54.09299999999348,2.1631331866385746,-1.2207195038097203,-177.2800064086914,0.0,0.0,0.0,True
494,54.20300000003772,2.1631331866385746,-1.2207195038097203,-177.2800064086914,0.0,0.0,0.0,True
495,54.31200000003446,2.1631331866385746,-1.2207195038097203,-177.2800064086914,0.0,0.0,0.0,True
496,54.42200000002049,2.1631331866385746,-1.2207195038097203,-177.2800064086914,0.0,0.0,0.0,True
497,54.53100000001723,2.1631331866385746,-1.2207195038097203,-177.2800064086914,0.0,0.0,0.0,True
498,54.64000000001397,2.1631331866385746,-1.2207195038097203,-177.2800064086914,0.0,0.0,0.0,True
499,54.75,2.1631331866385746,-1.2207195038097203,-177.2800064086914,0.0,0.0,0.0,True
500,54.85899999999674,2.1631331866385746,-1.2207195038097203,-177.2800064086914,0.0,0.0,0.0,True
501,54.98399999999674,2.1631331866385746,-1.2207195038097203,-177.2800064086914,0.0,0.0,0.0,True
502,55.09299999999348,2.1631331866385746,-1.2207195038097203,-177.2800064086914,0.0,0.0,0.0,True
503,55.20300000003772,2.1631331866385746,-1.2207195038097203,-177.2800064086914,0.0,0.0,0.0,True
504,55.31200000003446,2.1631331866385746,-1.2207195038097203,-177.2800064086914,0.0,0.0,0.0,True
505,55.42200000002049,2.1631331866385746,-1.2207195038097203,-177.2800064086914,0.0,0.0,0.0,True
506,55.53100000001723,2.1631331866385746,-1.2207195038097203,-177.2800064086914,0.0,0.0,-0.15,True
507,55.64000000001397,2.1631331866385746,-1.2207195038097203,-178.16000747680664,0.0,0.0,-0.15,True
508,55.75,2.1631331866385746,-1.2207195038097203,179.23999404907227,0.0,0.0,0.0,True
509,55.85899999999674,2.1631331866385746,-1.2207195038097203,177.6399917602539,0.0,0.0,0.0,True
510,55.96799999999348,2.1631331866385746,-1.2207195038097203,177.55999374389648,0.0,0.0,0.0,True
511,56.07800000003772,2.1631331866385746,-1.2207195038097203,177.54999160766602,0.0,0.0,0.0,True
512,56.18700000003446,2.1631331866385746,-1.2207195038097203,177.55999374389648,0.0,0.0,0.0,True
513,56.29700000002049,2.1631331866385746,-1.2207195038097203,177.5699920654297,0.0,0.0,0.0,True
514,56.40600000001723,2.1631331866385746,-1.2207195038097203,177.5699920654297,0.0,0.0,0.0,True
515,56.51500000001397,2.1631331866385746,-1.2207195038097203,177.55999374389648,0.0,0.0,0.0,True
516,56.64000000001397,2.1631331866385746,-1.2207195038097203,177.5699920654297,0.0,0.0,0.0,True
517,56.75,2.1631331866385746,-1.2207195038097203,177.57999420166016,0.0,0.0,0.0,True
518,56.85899999999674,2.1631331866385746,-1.2207195038097203,177.5699920654297,0.0,0.0,-0.15,True
519,56.96799999999348,2.1631331866385746,-1.2207195038097203,176.64999389648438,0.0,0.0,0.0,True
520,57.07800000003772,2.1631331866385746,-1.2207195038097203,174.55999374389648,0.0,0.0,0.0,True
521,57.18700000003446,2.1631331866385746,-1.2207195038097203,174.60999298095703,0.0,0.0,0.0,True
522,57.29700000002049,2.1631331866385746,-1.2207195038097203,174.55999374389648,0.0,0.0,0.0,True
523,57.40600000001723,2.1631331866385746,-1.2207195038097203,174.54999351501465,0.0,0.0,0.0,True
524,57.51500000001397,2.1631331866385746,-1.2207195038097203,174.54999351501465,0.0,0.0,0.0,True
525,57.625,2.1631331866385746,-1.2207195038097203,174.54999351501465,0.0,0.0,0.15,True
526,57.73399999999674,2.1631331866385746,-1.2207195038097203,177.95999145507812,0.0,0.0,0.0,True
527,57.84299999999348,2.1631331866385746,-1.2207195038097203,179.14999389648438,0.0,0.0,0.0,True
528,57.95300000003772,2.1631331866385746,-1.2207195038097203,179.0699920654297,0.0,0.0,0.0,True
529,58.06200000003446,2.1631331866385746,-1.2207195038097203,179.09999465942383,0.0,0.0,0.0,True
530,58.18700000003446,2.1631331866385746,-1.2207195038097203,179.09999465942383,0.0,0.0,0.0,True
531,58.29700000002049,2.1631331866385746,-1.2207195038097203,179.10999298095703,0.0,0.0,0.0,True
532,58.40600000001723,2.1631331866385746,-1.2207195038097203,179.10999298095703,0.0,0.0,0.0,True
533,58.51500000001397,2.1631331866385746,-1.2207195038097203,179.09999465942383,0.0,0.0,0.0,True
534,58.625,2.1631331866385746,-1.2207195038097203,179.09999465942383,0.0,0.25,0.0,True
535,58.73399999999674,2.1631331866385746,-1.2207195038097203,179.09999465942383,0.0,0.25,0.0,True
536,58.84299999999348,2.146683228633443,-1.2196442504343945,179.93999481201172,0.0,0.25,0.0,True
537,58.95300000003772,2.135284083362797,-1.2192901282732567,-179.95000839233398,0.0,0.25,0.0,True
538,59.06200000003446,2.124125401163954,-1.2201235789789944,179.8699951171875,0.0,0.25,0.0,True
539,59.17200000002049,2.113086735278643,-1.2202975263270135,179.74999237060547,0.0,0.25,0.0,True
540,59.28100000001723,2.101329895558853,-1.220772849224768,179.69999313354492,0.0,0.25,0.0,True
541,59.40600000001723,2.089211212893608,-1.2207834658425356,179.5399932861328,0.0,0.25,0.0,True
542,59.51500000001397,2.0797368678304085,-1.2213564990425771,179.44999313354492,0.0,0.25,0.0,True
543,59.625,2.066413714854755,-1.2210048183327156,179.44999313354492,0.0,0.25,0.0,True
544,59.73399999999674,2.055011358109706,-1.2207786317500384,179.19999313354492,0.0,0.25,0.0,True
545,59.84299999999348,2.0425359913464587,-1.221082437556733,179.34999465942383,0.0,0.25,0.0,True
546,59.93700000003446,2.0310115478136908,-1.220653131570177,179.44999313354492,0.0,0.25,0.0,True
547,60.06200000003446,2.00797019545912,-1.2204401578548694,179.55999374389648,0.0,0.25,0.0,True
548,60.17200000002049,1.994165388137581,-1.2196348663643775,179.70999145507812,0.0,0.25,0.0,True
549,60.28100000001723,1.98240388938756,-1.219132981341173,179.76999282836914,0.0,0.25,0.0,True
550,60.42200000002049,1.9702876759052312,-1.219677118168985,179.65999221801758,0.0,0.25,0.0,True
551,60.54700000002049,1.9579276924959255,-1.2195572910795294,179.59999465942383,0.0,0.25,0.0,True
552,60.65600000001723,1.9370537903421932,-1.2201453646918647,179.40999221801758,0.0,0.25,0.0,True
553,60.76500000001397,1.9240942119893327,-1.2201510144415775,179.3799934387207,0.0,0.25,0.0,True
554,60.875,1.9118474851189655,-1.2194379394213761,179.51999282836914,0.0,0.25,0.0,True
555,60.98399999999674,1.9000853297644764,-1.219119746864833,179.49999237060547,0.0,0.25,0.0,True
556,61.09299999999348,1.8886836364298614,-1.2188705678921272,179.48999404907227,0.0,0.25,0.0,True
557,61.20300000003772,1.8771670701109202,-1.219251165443981,179.5399932861328,0.0,0.25,0.0,True
558,61.32800000003772,1.8662415186426744,-1.2184284734188682,179.60999298095703,0.0,0.25,0.0,True
559,61.43700000003446,1.854240707342183,-1.2182376557947097,179.57999420166016,0.0,0.25,0.0,True
560,61.625,1.8319283895218663,-1.2189952095974081,179.41999435424805,0.0,0.25,0.0,True
561,61.75,1.806722571187153,-1.2184383099487484,179.3199920654297,0.0,0.0,0.0,True
562,61.875,1.8042020937722991,-1.2183998229772897,179.4699935913086,0.0,0.0,0.0,True
563,62.0,1.8042020937722991,-1.2183998229772897,179.3899917602539,0.0,0.0,0.0,True
564,62.10899999999674,1.8042020937722991,-1.2183998229772897,179.3699951171875,0.0,0.0,0.0,True
565,62.21799999999348,1.8042020937722991,-1.2183998229772897,179.3699951171875,0.0,0.0,0.0,True
566,62.32800000003772,1.8042020937722991,-1.2183998229772897,179.3699951171875,0.0,0.0,0.0,True
567,62.46799999999348,1.8042020937722991,-1.2183998229772897,179.3799934387207,0.0,0.0,0.0,True
568,62.57800000003772,1.8042020937722991,-1.2183998229772897,179.3699951171875,0.0,0.0,0.0,True
569,62.71799999999348,1.8042020937722991,-1.2183998229772897,179.3799934387207,0.0,0.0,0.0,True
570,62.84299999999348,1.8042020937722991,-1.2183998229772897,179.3699951171875,0.0,0.0,0.0,True
571,62.95300000003772,1.8042020937722991,-1.2183998229772897,179.3799934387207,0.0,0.0,0.0,True
572,63.07800000003772,1.8042020937722991,-1.2183998229772897,179.3899917602539,0.0,0.0,0.0,True
573,63.20300000003772,1.8042020937722991,-1.2183998229772897,179.3899917602539,0.0,0.0,0.0,True
574,63.31200000003446,1.8042020937722991,-1.2183998229772897,179.3899917602539,0.0,0.0,0.0,True
575,63.42200000002049,1.8042020937722991,-1.2183998229772897,179.39999389648438,0.0,0.0,0.0,True
576,63.51500000001397,1.8042020937722991,-1.2183998229772897,179.39999389648438,0.0,0.0,0.0,True
577,63.625,1.8042020937722991,-1.2183998229772897,179.39999389648438,0.0,0.0,0.0,True
578,63.73399999999674,1.8042020937722991,-1.2183998229772897,179.39999389648438,0.0,0.0,0.0,True
579,63.84299999999348,1.8042020937722991,-1.2183998229772897,179.39999389648438,0.0,0.0,0.0,True
580,63.96799999999348,1.8042020937722991,-1.2183998229772897,179.40999221801758,0.0,0.0,0.0,True
581,64.10899999999674,1.8042020937722991,-1.2183998229772897,179.41999435424805,0.0,0.0,0.0,True
582,64.23399999999674,1.8042020937722991,-1.2183998229772897,179.41999435424805,0.0,0.0,0.0,True
583,64.34299999999348,1.8042020937722991,-1.2183998229772897,179.41999435424805,0.0,0.0,0.0,True
584,64.45300000003772,1.8042020937722991,-1.2183998229772897,179.41999435424805,0.0,0.0,0.0,True
585,64.54700000002049,1.8042020937722991,-1.2183998229772897,179.42999267578125,0.0,0.0,0.0,True
586,64.67200000002049,1.8042020937722991,-1.2183998229772897,179.42999267578125,0.0,0.0,0.0,True
587,64.78100000001723,1.8042020937722991,-1.2183998229772897,179.42999267578125,0.0,0.0,0.0,True
588,64.875,1.8042020937722991,-1.2183998229772897,179.43999481201172,0.0,0.0,0.0,True
589,65.0,1.8042020937722991,-1.2183998229772897,179.43999481201172,0.0,0.0,0.0,True
590,65.15600000001723,1.8042020937722991,-1.2183998229772897,179.44999313354492,0.0,0.25,0.0,True
591,65.26500000001397,1.8042020937722991,-1.2183998229772897,179.44999313354492,0.0,0.25,0.0,True
592,65.375,1.7932777666956645,-1.2180394000062278,179.2299919128418,0.0,0.25,0.0,True
593,65.48399999999674,1.7932777666956645,-1.2180394000062278,179.2299919128418,0.0,0.25,0.0,True
594,65.60899999999674,1.770475863583591,-1.2179436241778325,179.0299949645996,0.0,0.25,0.0,True
595,65.71799999999348,1.7582343432518013,-1.2178584742669476,179.07999420166016,0.0,0.25,0.0,True
596,65.82800000003772,1.7467123372426547,-1.2177551302146197,179.2299919128418,0.0,0.25,0.0,True
597,65.93700000003446,1.7349523656922716,-1.2177716222366632,179.2299919128418,0.0,0.25,0.0,True
598,66.06200000003446,1.7098698732558315,-1.2176211391973661,179.24999237060547,0.0,0.25,0.0,True
599,66.18700000003446,1.7000330839087106,-1.217886047341942,179.2799949645996,0.0,0.25,0.0,True
600,66.29700000002049,1.6858667351884558,-1.2173662156838247,179.33999252319336,0.0,0.25,0.0,True
601,66.40600000001723,1.6743450678564429,-1.2172269582551092,179.32999420166016,0.0,0.25,0.0,True
602,66.51500000001397,1.6625835793925359,-1.2170858872319177,179.35999298095703,0.0,0.25,0.0,True
603,66.64000000001397,1.6508221257703533,-1.2169349092868418,179.41999435424805,0.0,0.25,0.0,True
604,66.76500000001397,1.626938900165535,-1.2165533299669815,179.44999313354492,0.0,0.25,0.0,True
605,66.875,1.6152970535075972,-1.216316540865063,179.4799919128418,0.0,0.25,0.0,True
606,67.01500000001397,1.6031761328843366,-1.216216763795872,179.50999450683594,0.0,0.25,0.0,True
607,67.125,1.5910569430071586,-1.2162388914607352,179.57999420166016,0.0,0.25,0.0,True
608,67.25,1.5784536472367996,-1.2157071430845787,179.58999252319336,0.0,0.25,0.0,True
609,67.375,1.5545736344989833,-1.2155633128388252,179.51999282836914,0.0,0.25,0.0,True
610,67.48399999999674,1.540532248450558,-1.215334206981944,179.5399932861328,0.0,0.25,0.0,True
611,67.59299999999348,1.5282914734762836,-1.2151553373941122,179.4799919128418,0.0,0.25,0.0,True
612,67.70300000003772,1.5160515984913496,-1.2151291663335506,179.4699935913086,0.0,0.25,0.0,True
613,67.81200000003446,1.5046509991934958,-1.2150226735401364,179.48999404907227,0.0,0.25,0.0,True
614,68.0,1.4805319328952706,-1.2150486210940683,179.3899917602539,0.0,0.25,0.0,True
615,68.10899999999674,1.4685306548485162,-1.2148902170515814,179.42999267578125,0.0,0.25,0.0,True
616,68.23399999999674,1.4579692716155455,-1.2147108278077936,179.45999145507812,0.0,0.25,0.0,True
617,68.39000000001397,1.4320543841254734,-1.2151334636532465,179.33999252319336,0.0,0.25,0.0,True
618,68.5,1.4192091450369644,-1.2146514733987637,179.35999298095703,0.0,0.25,0.0,True
619,68.60899999999674,1.4072108378876151,-1.214797629326144,179.25999450683594,0.0,0.25,0.0,True
620,68.71799999999348,1.3948516154907795,-1.214898967166917,179.2299919128418,0.0,0.25,0.0,True
621,68.82800000003772,1.3832107125218267,-1.214846900466024,179.26999282836914,0.0,0.25,0.0,True
622,68.92200000002049,1.371210942334252,-1.2148731498288368,179.17999267578125,0.0,0.25,0.0,True
623,69.04700000002049,1.36041271455474,-1.2150358711227658,179.1199951171875,0.0,0.25,0.0,True
624,69.15600000001723,1.346971096709642,-1.214962243113992,179.16999435424805,0.0,0.25,0.0,True
625,69.26500000001397,1.322850134025334,-1.2149760678263204,179.0699920654297,0.0,0.25,0.0,True
626,69.43700000003446,1.3107314959929957,-1.2151002163232565,179.10999298095703,0.0,0.25,0.0,True
627,69.54700000002049,1.2978949493633902,-1.2153632073701983,179.1299934387207,0.0,0.25,0.0,True
628,69.67200000002049,1.2753330025856866,-1.2152951728728996,179.1299934387207,0.0,0.25,0.0,True
629,69.78100000001723,1.2612821433787071,-1.2145998065153971,179.16999435424805,0.0,0.25,0.0,True
630,69.89000000001397,1.2495222015830796,-1.2146332211001716,179.15999221801758,0.0,0.25,0.0,True
631,70.0,1.2369232795047187,-1.2147509548368052,179.20999145507812,0.0,0.25,0.0,True
632,70.10899999999674,1.2246776097429108,-1.2143704327575482,179.14999389648438,0.0,0.25,0.0,True
633,70.23399999999674,1.2127987456774727,-1.214479231865989,179.14999389648438,0.0,0.25,0.0,True
634,70.34299999999348,1.202238671764748,-1.2144973370125913,179.10999298095703,0.0,0.25,0.0,True
635,70.45300000003772,1.188557279685698,-1.214417338971815,179.19999313354492,0.0,0.25,0.0,True
636,70.54700000002049,1.1766784536909838,-1.214523834023613,179.15999221801758,0.0,0.25,0.0,True
637,70.65600000001723,1.1638443179984812,-1.2149276309967896,179.07999420166016,0.0,0.25,0.0,True
638,70.78100000001723,1.1388762276163469,-1.2144943224103069,179.0399932861328,0.0,0.25,0.0,True
639,70.90600000001723,1.1269952613141756,-1.214488146722413,178.99999237060547,0.0,0.25,0.0,True
640,71.03100000001723,1.1142782363428865,-1.2147110988614778,179.1299934387207,0.0,0.25,0.0,True
641,71.15600000001723,1.0900355871979674,-1.2147247539075967,178.93999481201172,0.0,0.25,0.0,True
642,71.28100000001723,1.0776773238385196,-1.2148872160241704,178.98999404907227,0.0,0.25,0.0,True
643,71.40600000001723,1.065549335769041,-1.2144704961310337,179.0699920654297,0.0,0.25,0.0,True
644,71.51500000001397,1.053428424757555,-1.214462445252839,179.0299949645996,0.0,0.25,0.0,True
645,71.64000000001397,1.0413099098680234,-1.21460513890948,178.98999404907227,0.0,0.25,0.0,True
646,71.75,1.0277518091462332,-1.2147787208129206,178.94999313354492,0.0,0.25,0.0,True
647,71.85899999999674,1.01575219000386,-1.214864064114033,178.92999267578125,0.0,0.25,0.0,True
648,71.96799999999348,0.9910254734986111,-1.2146413802634872,178.8899917602539,0.0,0.25,0.0,True
649,72.125,0.9792561506690237,-1.2141510819532604,179.1399917602539,0.0,0.25,0.0,True
650,72.23399999999674,0.967728868977432,-1.213613070490962,179.33999252319336,0.0,0.25,0.0,True
651,72.34299999999348,0.9553653109965925,-1.2132708808736885,179.3199920654297,0.0,0.25,0.0,True
652,72.45300000003772,0.9436038022391096,-1.2129669967850416,179.55999374389648,0.0,0.25,0.0,True
653,72.56200000003446,0.9331637009644057,-1.2128237133923898,179.67999267578125,0.0,0.25,0.0,True
654,72.67200000002049,0.9082009379492076,-1.2119852736734427,179.69999313354492,0.0,0.25,0.0,True
655,72.79700000002049,0.8956023661526771,-1.212119420374305,179.7199935913086,0.0,0.25,0.0,True
656,72.92200000002049,0.8848013770115372,-1.2117524127994779,179.69999313354492,0.0,0.25,0.0,True
657,73.04700000002049,0.8705206399908766,-1.2114896366191052,179.65999221801758,0.0,0.25,0.0,True
658,73.17200000002049,0.8466396444527072,-1.2109846555872381,179.7199935913086,0.0,0.25,0.0,True
659,73.29700000002049,0.8347595660617922,-1.2108400748031383,179.6399917602539,0.0,0.25,0.0,True
660,73.42200000002049,0.8225192448637926,-1.2106298719216768,179.7199935913086,0.0,0.25,0.0,True
661,73.51500000001397,0.8101593319118259,-1.2104775519850344,179.7299919128418,0.0,0.25,0.0,True
662,73.625,0.7981596878301485,-1.2104019433602184,179.65999221801758,0.0,0.25,0.0,True
663,73.73399999999674,0.7858004394661798,-1.2104114746852532,179.64999389648438,0.0,0.25,0.0,True
664,73.84299999999348,0.7746419552336212,-1.2105486881546155,179.64999389648438,0.0,0.25,0.0,True
665,73.95300000003772,0.7617989397106479,-1.2100120791657383,179.58999252319336,0.0,0.25,0.0,True
666,74.06200000003446,0.7501628174130117,-1.210442401929272,179.55999374389648,0.0,0.25,0.0,True
667,74.17200000002049,0.7238789529506618,-1.2097240653422774,179.57999420166016,0.0,0.25,0.0,True
668,74.29700000002049,0.7238789529506618,-1.2097240653422774,179.57999420166016,0.0,0.25,0.0,True
669,74.42200000002049,0.6992790716710329,-1.2095803389881756,179.54999160766602,0.0,0.25,0.0,True
670,74.53100000001723,0.6870392965789812,-1.2095495489853376,179.43999481201172,0.0,0.25,0.0,True
671,74.64000000001397,0.6750393773675665,-1.2095283206464664,179.42999267578125,0.0,0.25,0.0,True
672,74.75,0.6627995744374016,-1.2095103269156537,179.4699935913086,0.0,0.25,0.0,True
673,74.85899999999674,0.650679169792268,-1.2094101681600762,179.4699935913086,0.0,0.25,0.0,True
674,74.96799999999348,0.624759774237374,-1.2094091657568409,179.41999435424805,0.0,0.25,0.0,True
675,75.14000000001397,0.6125170620704851,-1.2091232420670361,179.3899917602539,0.0,0.25,0.0,True
676,75.25,0.6006363505926823,-1.2090451815164245,179.34999465942383,0.0,0.25,0.0,True
677,75.35899999999674,0.5882757712109858,-1.2089719997640913,179.40999221801758,0.0,0.25,0.0,True
678,75.46799999999348,0.5648764626626942,-1.2089804819667187,179.51999282836914,0.0,0.25,0.0,True
679,75.57800000003772,0.5523904082121411,-1.2082625209780036,179.45999145507812,0.0,0.25,0.0,True
680,75.68700000003446,0.541952308013411,-1.208418998298669,179.5399932861328,0.0,0.25,0.0,True
681,75.79700000002049,0.5283887684431835,-1.2079014831121029,179.57999420166016,0.0,0.25,0.0,True
682,75.90600000001723,0.5166269587134245,-1.207569308423997,179.59999465942383,0.0,0.25,0.0,True
683,76.01500000001397,0.5041461790549572,-1.2073839674663327,179.59999465942383,0.0,0.25,0.0,True
684,76.125,0.4926254825626443,-1.207182352811103,179.65999221801758,0.0,0.25,0.0,True
685,76.23399999999674,0.4801465899870901,-1.207252909008512,179.67999267578125,0.0,0.25,0.0,True
686,76.34299999999348,0.46910670950855604,-1.207037414457055,179.57999420166016,0.0,0.25,0.0,True
687,76.46799999999348,0.45482400693007297,-1.2065047937037037,179.64999389648438,0.0,0.25,0.0,True
688,76.57800000003772,0.4310627434716478,-1.20592274547385,179.7299919128418,0.0,0.25,0.0,True
689,76.68700000003446,0.4194254549563178,-1.206329881748978,179.70999145507812,0.0,0.25,0.0,True
690,76.79700000002049,0.408383212544986,-1.2056861248383504,179.76999282836914,0.0,0.25,0.0,True
691,76.90600000001723,0.3949436077465914,-1.2054544325976098,179.80999374389648,0.0,0.25,0.0,True
692,77.03100000001723,0.38270408705288594,-1.2053657761051166,179.76999282836914,0.0,0.25,0.0,True
693,77.17200000002049,0.37118351369820796,-1.2049897302907653,179.83999252319336,0.0,0.25,0.0,True
694,77.29700000002049,0.34634553620648273,-1.2049838691075196,179.82999420166016,0.0,0.25,0.0,True
695,77.42200000002049,0.3337444719010246,-1.2042552392209396,179.84999465942383,0.0,0.0,0.0,True
696,77.54700000002049,0.32462462923597835,-1.2039983418563434,179.90999221801758,0.0,0.0,0.0,True
697,77.65600000001723,0.32462462923597835,-1.2039983418563434,179.5299949645996,0.0,0.0,0.0,True
698,77.79700000002049,0.32462462923597835,-1.2039983418563434,178.99999237060547,0.0,0.0,0.0,True
699,77.90600000001723,0.32462462923597835,-1.2039983418563434,178.99999237060547,0.0,0.0,0.0,True
700,78.01500000001397,0.32462462923597835,-1.2039983418563434,179.00999450683594,0.0,0.0,0.0,True
701,78.10899999999674,0.32462462923597835,-1.2039983418563434,179.00999450683594,0.0,0.0,0.0,True
702,78.23399999999674,0.32462462923597835,-1.2039983418563434,179.00999450683594,0.0,0.0,0.0,True
703,78.34299999999348,0.32462462923597835,-1.2039983418563434,179.00999450683594,0.0,0.0,0.0,True
704,78.45300000003772,0.32462462923597835,-1.2039983418563434,178.99999237060547,0.0,0.0,0.0,True
705,78.56200000003446,0.32462462923597835,-1.2039983418563434,178.99999237060547,0.0,0.0,0.0,True
706,78.67200000002049,0.32462462923597835,-1.2039983418563434,179.00999450683594,0.0,0.0,0.15,True
707,78.84299999999348,0.32462462923597835,-1.2039983418563434,179.32999420166016,0.0,0.0,0.15,True
708,78.96799999999348,0.32462462923597835,-1.2039983418563434,-178.26000595092773,0.0,0.0,0.15,True
709,79.07800000003772,0.32462462923597835,-1.2039983418563434,-172.6100082397461,0.0,0.0,0.15,True
710,79.20300000003772,0.32462462923597835,-1.2039983418563434,-169.7700080871582,0.0,0.0,0.15,True
711,79.31200000003446,0.32462462923597835,-1.2039983418563434,-166.74000549316406,0.0,0.0,0.15,True
712,79.42200000002049,0.32462462923597835,-1.2039983418563434,-163.7100067138672,0.0,0.0,0.15,True
713,79.54700000002049,0.32462462923597835,-1.2039983418563434,-160.89000701904297,0.0,0.0,0.15,True
714,79.65600000001723,0.32462462923597835,-1.2039983418563434,-158.04000854492188,0.0,0.0,0.15,True
715,79.79700000002049,0.32462462923597835,-1.2039983418563434,-151.9700050354004,0.0,0.0,0.15,True
716,79.95300000003772,0.32462462923597835,-1.2039983418563434,-149.010009765625,0.0,0.0,0.15,True
717,80.125,0.32462462923597835,-1.2039983418563434,-143.06000518798828,0.0,0.0,0.15,True
718,80.23399999999674,0.32462462923597835,-1.2039983418563434,-140.85000610351562,0.0,0.0,0.15,True
719,80.35899999999674,0.32462462923597835,-1.2039983418563434,-137.1800079345703,0.0,0.0,0.15,True
720,80.5,0.32462462923597835,-1.2039983418563434,-131.42000579833984,0.0,0.0,0.15,True
721,80.67200000002049,0.32462462923597835,-1.2039983418563434,-125.3800048828125,0.0,0.0,0.15,True
722,80.84299999999348,0.32462462923597835,-1.2039983418563434,-122.34000396728516,0.0,0.0,0.15,True
723,80.98399999999674,0.32462462923597835,-1.2039983418563434,-115.92000579833984,0.0,0.0,0.15,True
724,81.09299999999348,0.32462462923597835,-1.2039983418563434,-112.8800048828125,0.0,0.0,0.15,True
725,81.20300000003772,0.32462462923597835,-1.2039983418563434,-109.89000701904297,0.0,0.0,0.15,True
726,81.32800000003772,0.32462462923597835,-1.2039983418563434,-106.91000366210938,0.0,0.0,0.15,True
727,81.45300000003772,0.32462462923597835,-1.2039983418563434,-104.1300048828125,0.0,0.0,0.0,True
728,81.56200000003446,0.32462462923597835,-1.2039983418563434,-101.06000518798828,0.0,0.0,0.0,True
729,81.68700000003446,0.32462462923597835,-1.2039983418563434,-99.8600082397461,0.0,0.0,0.0,True
730,81.84299999999348,0.32462462923597835,-1.2039983418563434,-99.8800048828125,0.0,0.0,0.0,True
731,82.0,0.32462462923597835,-1.2039983418563434,-99.87001037597656,0.0,0.0,0.0,True
732,82.10899999999674,0.32462462923597835,-1.2039983418563434,-99.87001037597656,0.0,0.0,0.0,True
733,82.23399999999674,0.32462462923597835,-1.2039983418563434,-99.87001037597656,0.0,0.0,0.15,True
734,82.39000000001397,0.32462462923597835,-1.2039983418563434,-98.02000427246094,0.0,0.0,0.15,True
735,82.54700000002049,0.32462462923597835,-1.2039983418563434,-95.1300048828125,0.0,0.0,0.0,True
736,82.67200000002049,0.32462462923597835,-1.2039983418563434,-92.37001037597656,0.0,0.0,0.0,True
737,82.79700000002049,0.32462462923597835,-1.2039983418563434,-91.18000793457031,0.0,0.0,0.0,True
738,82.92200000002049,0.32462462923597835,-1.2039983418563434,-91.20000457763672,0.0,0.0,0.0,True
739,83.03100000001723,0.32462462923597835,-1.2039983418563434,-91.20000457763672,0.0,0.0,0.0,True
740,83.15600000001723,0.32462462923597835,-1.2039983418563434,-91.20000457763672,0.0,0.0,0.0,True
741,83.29700000002049,0.32462462923597835,-1.2039983418563434,-91.22000885009766,0.0,0.0,0.0,True
742,83.42200000002049,0.32462462923597835,-1.2039983418563434,-91.22000885009766,0.0,0.0,0.0,True
743,83.56200000003446,0.32462462923597835,-1.2039983418563434,-91.21000671386719,0.0,0.0,0.0,True
744,83.67200000002049,0.32462462923597835,-1.2039983418563434,-91.21000671386719,0.0,0.0,0.0,True
745,83.78100000001723,0.32462462923597835,-1.2039983418563434,-91.2300033569336,0.0,0.0,0.0,True
746,83.90600000001723,0.32462462923597835,-1.2039983418563434,-91.22000885009766,0.0,0.0,0.0,True
747,84.03100000001723,0.32462462923597835,-1.2039983418563434,-91.22000885009766,0.0,0.0,0.0,True
748,84.20300000003772,0.32462462923597835,-1.2039983418563434,-91.22000885009766,0.0,0.0,0.0,True
749,84.32800000003772,0.32462462923597835,-1.2039983418563434,-91.2300033569336,0.0,0.0,0.0,True
750,84.43700000003446,0.32462462923597835,-1.2039983418563434,-91.2300033569336,0.0,0.25,0.0,True
751,84.54700000002049,0.32462462923597835,-1.2039983418563434,-91.2300033569336,0.0,0.25,0.0,True
752,84.67200000002049,0.32466817137940335,-1.1965573269326315,-90.2800064086914,0.0,0.25,0.0,True
753,84.78100000001723,0.32511350153731355,-1.1870756382220062,-90.29000854492188,0.0,0.25,0.0,True
754,84.89000000001397,0.3255599759504101,-1.1761548412130118,-90.14000701904297,0.0,0.25,0.0,True
755,85.03100000001723,0.3254551824524971,-1.1546764892997283,-90.32000732421875,0.0,0.25,0.0,True
756,85.15600000001723,0.32503565207182256,-1.1437597705323232,-90.47000885009766,0.0,0.25,0.0,True
757,85.26500000001397,0.3244462511680472,-1.132125561395339,-90.55000305175781,0.0,0.25,0.0,True
758,85.375,0.3244593700768175,-1.1206061862343595,-90.71000671386719,0.0,0.25,0.0,True
759,85.48399999999674,0.32379214186984095,-1.0988952961533687,-90.94001007080078,0.0,0.25,0.0,True
760,85.59299999999348,0.32368062123674896,-1.0874965088767854,-90.92000579833984,0.0,0.25,0.0,True
761,85.70300000003772,0.32371107035014857,-1.0765753841803998,-90.92000579833984,0.0,0.25,0.0,True
762,85.82800000003772,0.3238723696338613,-1.0651720946778498,-90.90000915527344,0.0,0.25,0.0,True
763,85.96799999999348,0.32404255139095445,-1.0537689426828307,-90.87001037597656,0.0,0.25,0.0,True
764,86.09299999999348,0.32451146448362844,-1.0325219866240982,-90.760009765625,0.0,0.25,0.0,True
765,86.25,0.32462218777201823,-1.01956056387436,-90.69001007080078,0.0,0.25,0.0,True
766,86.45300000003772,0.3250836784785615,-0.9960365120638859,-90.60000610351562,0.0,0.25,0.0,True
767,86.56200000003446,0.3245463537002903,-0.9854831727329236,-90.75000762939453,0.0,0.25,0.0,True
768,86.67200000002049,0.32459329955866517,-0.9733622874030422,-90.80000305175781,0.0,0.25,0.0,True
769,86.78100000001723,0.3240488901883711,-0.9644900013956315,-90.8600082397461,0.0,0.25,0.0,True
770,86.90600000001723,0.32454659421882376,-0.9512820764839903,-90.82000732421875,0.0,0.25,0.0,True
771,87.01500000001397,0.3248399483584118,-0.9283571833314859,-90.79000854492188,0.0,0.25,0.0,True
772,87.15600000001723,0.32455826734192067,-0.9178007133801055,-90.760009765625,0.0,0.25,0.0,True
773,87.29700000002049,0.3252392478894732,-0.8949920843462555,-90.70000457763672,0.0,0.25,0.0,True
774,87.43700000003446,0.3250879983486748,-0.8822734270546697,-90.64000701904297,0.0,0.25,0.0,True
775,87.57800000003772,0.32521336570983383,-0.8705122669605746,-90.7800064086914,0.0,0.25,0.0,True
776,87.71799999999348,0.32457705948376325,-0.8479612014614801,-91.02000427246094,0.0,0.25,0.0,True
777,87.82800000003772,0.3245817359382806,-0.8368001219749148,-91.07000732421875,0.0,0.25,0.0,True
778,87.95300000003772,0.3247366672138521,-0.8265961757601807,-91.0300064086914,0.0,0.25,0.0,True
779,88.125,0.3249258842819913,-0.8024708034144634,-90.99000549316406,0.0,0.25,0.0,True
780,88.25,0.3250739764481762,-0.7908274576396043,-90.95000457763672,0.0,0.25,0.0,True
781,88.39000000001397,0.32531865903101953,-0.7679021627112448,-90.91000366210938,0.0,0.25,0.0,True
782,88.5,0.3250881683734801,-0.7574651548400729,-90.87001037597656,0.0,0.25,0.0,True
783,88.60899999999674,0.3252639658549541,-0.7458221623011257,-90.8800048828125,0.0,0.25,0.0,True
784,88.71799999999348,0.32515592803752075,-0.7341831092510491,-90.8600082397461,0.0,0.25,0.0,True
785,88.82800000003772,0.3253908159805067,-0.7216991598064475,-90.83000946044922,0.0,0.25,0.0,True
786,88.93700000003446,0.3259849068533476,-0.7095704629591841,-90.760009765625,0.0,0.25,0.0,True
787,89.06200000003446,0.3260360744989463,-0.6981696253887673,-90.82000732421875,0.0,0.25,0.0,True
788,89.17200000002049,0.32615812403625244,-0.6866477610289885,-90.7300033569336,0.0,0.25,0.0,True
789,89.28100000001723,0.32636761848249013,-0.6752453700116406,-90.65000915527344,0.0,0.25,0.0,True
790,89.39000000001397,0.32643211039626296,-0.6520847417688292,-90.70000457763672,0.0,0.25,0.0,True
791,89.51500000001397,0.3264367606437422,-0.6412846242340421,-90.72000885009766,0.0,0.25,0.0,True
792,89.64000000001397,0.32621954390744684,-0.6301272852043954,-90.87001037597656,0.0,0.25,0.0,True
793,89.75,0.3256639164034523,-0.6177757202940928,-91.10000610351562,0.0,0.25,0.0,True
794,89.85899999999674,0.3255167852321291,-0.6063773416147848,-91.07000732421875,0.0,0.25,0.0,True
795,89.95300000003772,0.3257995571679969,-0.5949716278726527,-90.99000549316406,0.0,0.25,0.0,True
796,90.06200000003446,0.3258782114656987,-0.5836892681622322,-91.0300064086914,0.0,0.25,0.0,True
797,90.20300000003772,0.3257583421056789,-0.5613689328471106,-90.90000915527344,0.0,0.25,0.0,True
798,90.31200000003446,0.32625907590067554,-0.5491204835904434,-90.91000366210938,0.0,0.25,0.0,True
799,90.45300000003772,0.3264251713211696,-0.537717165388049,-90.92000579833984,0.0,0.25,0.0,True
800,90.56200000003446,0.3265905267461187,-0.5260741209936994,-90.81000518798828,0.0,0.25,0.0,True
801,90.68700000003446,0.32678441212151815,-0.5146712864414545,-90.77000427246094,0.0,0.25,0.0,True
802,90.79700000002049,0.32698392174251495,-0.5035084716429874,-90.7300033569336,0.0,0.25,0.0,True
803,90.90600000001723,0.32677658099682877,-0.49283112235369164,-90.72000885009766,0.0,0.25,0.0,True
804,91.01500000001397,0.32762485699200433,-0.468821348771891,-90.56000518798828,0.0,0.25,0.0,True
805,91.14000000001397,0.3278507255107899,-0.45669963962297666,-90.64000701904297,0.0,0.25,0.0,True
806,91.23399999999674,0.3276416503683922,-0.44530181937879443,-90.760009765625,0.0,0.25,0.0,True
807,91.35899999999674,0.32720679756107507,-0.43450792487577367,-90.93000793457031,0.0,0.25,0.0,True
808,91.48399999999674,0.32681246119957796,-0.42359392532942675,-91.05000305175781,0.0,0.25,0.0,True
809,91.64000000001397,0.32624510236056725,-0.4012825992853021,-91.12001037597656,0.0,0.25,0.0,True
810,91.78100000001723,0.32656969542771597,-0.38951479007141515,-91.1100082397461,0.0,0.25,0.0,True
811,91.89000000001397,0.32641411183708846,-0.3776363930241228,-91.07000732421875,0.0,0.25,0.0,True
812,92.0,0.32695309241006276,-0.36502552489585827,-90.96000671386719,0.0,0.25,0.0,True
813,92.10899999999674,0.3269610503668325,-0.34426377857109625,-90.87001037597656,0.0,0.25,0.0,True
814,92.26500000001397,0.32759421774755765,-0.3305740200330139,-90.81000518798828,0.0,0.25,0.0,True
815,92.39000000001397,0.32772738820758157,-0.32049203537016047,-90.80000305175781,0.0,0.25,0.0,True
816,92.51500000001397,0.32817724532895476,-0.29636630806346226,-90.65000915527344,0.0,0.25,0.0,True
817,92.625,0.32790352798136513,-0.28484943400878454,-90.62001037597656,0.0,0.25,0.0,True
818,92.73399999999674,0.3280601403047314,-0.2738080064801308,-90.66000366210938,0.0,0.25,0.0,True
819,92.84299999999348,0.32805422657662586,-0.2622881219687404,-90.7800064086914,0.0,0.25,0.0,True
820,92.95300000003772,0.32739999430561745,-0.24993740762657957,-90.94001007080078,0.0,0.25,0.0,True
821,93.06200000003446,0.32755542807396965,-0.23829410214300925,-90.94001007080078,0.0,0.25,0.0,True
822,93.18700000003446,0.327789723366702,-0.22700967104622818,-90.92000579833984,0.0,0.25,0.0,True
823,93.35899999999674,0.32783186746780824,-0.2018083999711321,-90.760009765625,0.0,0.25,0.0,True
824,93.54700000002049,0.3289314372665741,-0.17827511588054748,-90.64000701904297,0.0,0.25,0.0,True
825,93.65600000001723,0.3289384960833623,-0.16675504314617792,-90.67000579833984,0.0,0.25,0.0,True
826,93.76500000001397,0.3288776654571771,-0.15535583640118936,-90.67000579833984,0.0,0.25,0.0,True
827,93.875,0.32832794449286834,-0.14480274242659633,-90.75000762939453,0.0,0.25,0.0,True
828,93.98399999999674,0.32828972290119607,-0.1328035097510145,-90.96000671386719,0.0,0.0,0.0,True
829,94.09299999999348,0.3277052964711924,-0.123213107649052,-91.00000762939453,0.0,0.0,0.0,True
830,94.20300000003772,0.3277052964711924,-0.123213107649052,-90.59000396728516,0.0,0.0,0.0,True
831,94.31200000003446,0.3277052964711924,-0.123213107649052,-90.52000427246094,0.0,0.0,0.0,True
832,94.42200000002049,0.3277052964711924,-0.123213107649052,-90.52000427246094,0.0,0.0,0.0,True
833,94.56200000003446,0.3277052964711924,-0.123213107649052,-90.52000427246094,0.0,0.0,0.0,True
834,94.65600000001723,0.3277052964711924,-0.123213107649052,-90.52000427246094,0.0,0.0,0.15,True
835,94.78100000001723,0.3277052964711924,-0.123213107649052,-90.510009765625,0.0,0.0,0.15,True
836,94.89000000001397,0.3277052964711924,-0.123213107649052,-89.07000732421875,0.0,0.0,0.15,True
837,95.0,0.3277052964711924,-0.123213107649052,-83.95001220703125,0.0,0.0,0.15,True
838,95.10899999999674,0.3277052964711924,-0.123213107649052,-80.87001037597656,0.0,0.0,0.15,True
839,95.23399999999674,0.3277052964711924,-0.123213107649052,-78.07000732421875,0.0,0.0,0.15,True
840,95.34299999999348,0.3277052964711924,-0.123213107649052,-75.27000427246094,0.0,0.0,0.15,True
841,95.45300000003772,0.3277052964711924,-0.123213107649052,-72.28001403808594,0.0,0.0,0.15,True
842,95.54700000002049,0.3277052964711924,-0.123213107649052,-69.32000732421875,0.0,0.0,0.15,True
843,95.65600000001723,0.3277052964711924,-0.123213107649052,-66.33000183105469,0.0,0.0,0.15,True
844,95.76500000001397,0.3277052964711924,-0.123213107649052,-64.66000366210938,0.0,0.0,0.15,True
845,95.875,0.3277052964711924,-0.123213107649052,-60.480010986328125,0.0,0.0,0.15,True
846,95.98399999999674,0.3277052964711924,-0.123213107649052,-57.40000915527344,0.0,0.0,0.15,True
847,96.09299999999348,0.3277052964711924,-0.123213107649052,-54.420013427734375,0.0,0.0,0.15,True
848,96.20300000003772,0.3277052964711924,-0.123213107649052,-48.720001220703125,0.0,0.0,0.15,True
849,96.31200000003446,0.3277052964711924,-0.123213107649052,-45.69000244140625,0.0,0.0,0.15,True
850,96.43700000003446,0.3277052964711924,-0.123213107649052,-42.84001159667969,0.0,0.0,0.15,True
851,96.57800000003772,0.3277052964711924,-0.123213107649052,-39.74000549316406,0.0,0.0,0.15,True
852,96.71799999999348,0.3277052964711924,-0.123213107649052,-34.010009765625,0.0,0.0,0.15,True
853,96.84299999999348,0.3277052964711924,-0.123213107649052,-30.900009155273438,0.0,0.0,0.15,True
854,96.98399999999674,0.3277052964711924,-0.123213107649052,-27.94000244140625,0.0,0.0,0.15,True
855,97.09299999999348,0.3277052964711924,-0.123213107649052,-25.010009765625,0.0,0.0,0.15,True
856,97.18700000003446,0.3277052964711924,-0.123213107649052,-25.010009765625,0.0,0.0,0.15,True
857,97.29700000002049,0.3277052964711924,-0.123213107649052,-19.100006103515625,0.0,0.0,0.15,True
858,97.40600000001723,0.3277052964711924,-0.123213107649052,-13.050003051757812,0.0,0.0,0.15,True
859,97.51500000001397,0.3277052964711924,-0.123213107649052,-10.270004272460938,0.0,0.0,0.15,True
860,97.64000000001397,0.3277052964711924,-0.123213107649052,-7.5300140380859375,0.0,0.0,0.15,True
861,97.73399999999674,0.3277052964711924,-0.123213107649052,-7.5300140380859375,0.0,0.0,0.15,True
862,97.84299999999348,0.3277052964711924,-0.123213107649052,-1.44000244140625,0.0,0.0,0.15,True
863,97.95300000003772,0.3277052964711924,-0.123213107649052,1.3899993896484375,0.0,0.0,0.0,True
864,98.07800000003772,0.3277052964711924,-0.123213107649052,4.239990234375,0.0,0.0,0.0,True
865,98.23399999999674,0.3277052964711924,-0.123213107649052,5.0999908447265625,0.0,0.0,0.0,True
866,98.39000000001397,0.3277052964711924,-0.123213107649052,4.959991455078125,0.0,0.0,0.0,True
867,98.5,0.3277052964711924,-0.123213107649052,4.959991455078125,0.0,0.0,0.0,True
868,98.60899999999674,0.3277052964711924,-0.123213107649052,4.959991455078125,0.0,0.0,0.0,True
869,98.71799999999348,0.3277052964711924,-0.123213107649052,4.959991455078125,0.0,0.0,0.0,True
870,98.875,0.3277052964711924,-0.123213107649052,4.9699859619140625,0.0,0.0,0.0,True
871,99.03100000001723,0.3277052964711924,-0.123213107649052,4.959991455078125,0.0,0.0,0.0,True
872,99.14000000001397,0.3277052964711924,-0.123213107649052,4.9699859619140625,0.0,0.0,0.0,True
873,99.25,0.3277052964711924,-0.123213107649052,4.959991455078125,0.0,0.0,0.0,True
874,99.39000000001397,0.3277052964711924,-0.123213107649052,4.9699859619140625,0.0,0.0,0.0,True
875,99.53100000001723,0.3277052964711924,-0.123213107649052,4.9699859619140625,0.0,0.0,0.0,True
876,99.65600000001723,0.3277052964711924,-0.123213107649052,4.9799957275390625,0.0,0.0,0.0,True
877,99.76500000001397,0.3277052964711924,-0.123213107649052,4.9799957275390625,0.0,0.0,0.0,True
878,99.875,0.3277052964711924,-0.123213107649052,4.9799957275390625,0.0,0.0,0.0,True
879,99.98399999999674,0.3277052964711924,-0.123213107649052,4.9799957275390625,0.0,0.0,0.0,True
880,100.09299999999348,0.3277052964711924,-0.123213107649052,4.9799957275390625,0.0,0.0,0.0,True
881,100.21799999999348,0.3277052964711924,-0.123213107649052,4.989990234375,0.0,0.0,-0.15,True
882,100.35899999999674,0.3277052964711924,-0.123213107649052,4.9099884033203125,0.0,0.0,0.0,True
883,100.48399999999674,0.3277052964711924,-0.123213107649052,2.839996337890625,0.0,0.0,0.0,True
884,100.625,0.3277052964711924,-0.123213107649052,2.05999755859375,0.0,0.0,0.0,True
885,100.73399999999674,0.3277052964711924,-0.123213107649052,2.05999755859375,0.0,0.0,0.0,True
886,100.875,0.3277052964711924,-0.123213107649052,2.0699920654296875,0.0,0.0,0.0,True
887,101.01500000001397,0.3277052964711924,-0.123213107649052,2.05999755859375,0.0,0.0,0.0,True
888,101.14000000001397,0.3277052964711924,-0.123213107649052,2.0699920654296875,0.0,0.0,0.0,True
889,101.28100000001723,0.3277052964711924,-0.123213107649052,2.079986572265625,0.0,0.0,-0.15,True
890,101.45300000003772,0.3277052964711924,-0.123213107649052,1.6699981689453125,0.0,0.0,0.0,True
891,101.57800000003772,0.3277052964711924,-0.123213107649052,-0.730010986328125,0.0,0.0,0.0,True
892,101.68700000003446,0.3277052964711924,-0.123213107649052,-2.1300048828125,0.0,0.0,0.0,True
893,101.79700000002049,0.3277052964711924,-0.123213107649052,-1.8400115966796875,0.0,0.0,0.0,True
894,101.90600000001723,0.3277052964711924,-0.123213107649052,-1.8400115966796875,0.0,0.0,0.0,True
895,102.0,0.3277052964711924,-0.123213107649052,-1.8400115966796875,0.0,0.0,0.0,True
896,102.125,0.3277052964711924,-0.123213107649052,-1.8400115966796875,0.0,0.0,0.0,True
897,102.23399999999674,0.3277052964711924,-0.123213107649052,-1.8400115966796875,0.0,0.0,0.0,True
898,102.34299999999348,0.3277052964711924,-0.123213107649052,-1.8400115966796875,0.0,0.0,0.0,True
899,102.43700000003446,0.3277052964711924,-0.123213107649052,-1.8400115966796875,0.0,0.0,0.0,True
900,102.56200000003446,0.3277052964711924,-0.123213107649052,-1.8400115966796875,0.0,0.0,0.0,True
901,102.67200000002049,0.3277052964711924,-0.123213107649052,-1.8400115966796875,0.0,0.0,0.0,True
902,102.78100000001723,0.3277052964711924,-0.123213107649052,-1.8300018310546875,0.0,0.0,0.0,True
903,102.89000000001397,0.3277052964711924,-0.123213107649052,-1.8300018310546875,0.0,0.0,0.0,True
904,103.0,0.3277052964711924,-0.123213107649052,-1.8300018310546875,0.0,0.0,0.15,True
905,103.09299999999348,0.3277052964711924,-0.123213107649052,-1.8300018310546875,0.0,0.0,0.15,True
906,103.21799999999348,0.3277052964711924,-0.123213107649052,1.079986572265625,0.0,0.0,0.0,True
907,103.32800000003772,0.3277052964711924,-0.123213107649052,3.1899871826171875,0.0,0.0,0.0,True
908,103.43700000003446,0.3277052964711924,-0.123213107649052,3.0699920654296875,0.0,0.0,0.0,True
909,103.54700000002049,0.3277052964711924,-0.123213107649052,3.1100006103515625,0.0,0.0,-0.15,True
910,103.65600000001723,0.3277052964711924,-0.123213107649052,3.0699920654296875,0.0,0.0,-0.15,True
911,103.76500000001397,0.3277052964711924,-0.123213107649052,1.709991455078125,0.0,0.0,0.0,True
912,103.875,0.3277052964711924,-0.123213107649052,-0.7800140380859375,0.0,0.0,0.0,True
913,103.98399999999674,0.3277052964711924,-0.123213107649052,-2.7700042724609375,0.0,0.0,0.0,True
914,104.10899999999674,0.3277052964711924,-0.123213107649052,-2.5300140380859375,0.0,0.0,0.0,True
915,104.23399999999674,0.3277052964711924,-0.123213107649052,-2.5600128173828125,0.0,0.0,0.0,True
916,104.34299999999348,0.3277052964711924,-0.123213107649052,-2.5600128173828125,0.0,0.0,0.0,True
917,104.45300000003772,0.3277052964711924,-0.123213107649052,-2.5600128173828125,0.0,0.0,0.0,True
918,104.56200000003446,0.3277052964711924,-0.123213107649052,-2.5600128173828125,0.0,0.0,0.15,True
919,104.67200000002049,0.3277052964711924,-0.123213107649052,-2.5500030517578125,0.0,0.0,0.15,True
920,104.79700000002049,0.3277052964711924,-0.123213107649052,-0.7800140380859375,0.0,0.0,0.0,True
921,104.90600000001723,0.3277052964711924,-0.123213107649052,1.589996337890625,0.0,0.0,0.0,True
922,105.01500000001397,0.3277052964711924,-0.123213107649052,4.2599945068359375,0.0,0.0,0.0,True
923,105.14000000001397,0.3277052964711924,-0.123213107649052,4.079986572265625,0.0,0.0,0.0,True
924,105.26500000001397,0.3277052964711924,-0.123213107649052,4.089996337890625,0.0,0.0,0.0,True
925,105.375,0.3277052964711924,-0.123213107649052,4.0999908447265625,0.0,0.0,-0.15,True
926,105.48399999999674,0.3277052964711924,-0.123213107649052,4.0999908447265625,0.0,0.0,-0.15,True
927,105.59299999999348,0.3277052964711924,-0.123213107649052,2.92999267578125,0.0,0.0,0.0,True
928,105.70300000003772,0.3277052964711924,-0.123213107649052,0.5099945068359375,0.0,0.0,0.0,True
929,105.81200000003446,0.3277052964711924,-0.123213107649052,-1.0200042724609375,0.0,0.0,0.0,True
930,105.92200000002049,0.3277052964711924,-0.123213107649052,-1.0200042724609375,0.0,0.0,0.0,True
931,106.03100000001723,0.3277052964711924,-0.123213107649052,-1.0200042724609375,0.0,0.0,0.0,True
932,106.125,0.3277052964711924,-0.123213107649052,-1.0200042724609375,0.0,0.0,0.0,True
933,106.25,0.3277052964711924,-0.123213107649052,-1.0200042724609375,0.0,0.0,0.0,True
934,106.375,0.3277052964711924,-0.123213107649052,-1.0200042724609375,0.0,0.0,0.0,True
935,106.48399999999674,0.3277052964711924,-0.123213107649052,-1.0200042724609375,0.0,0.0,0.0,True
936,106.60899999999674,0.3277052964711924,-0.123213107649052,-1.0200042724609375,0.0,0.0,0.0,True
937,106.71799999999348,0.3277052964711924,-0.123213107649052,-1.0200042724609375,0.0,0.0,0.15,True
938,106.82800000003772,0.3277052964711924,-0.123213107649052,-1.0200042724609375,0.0,0.0,0.15,True
939,106.95300000003772,0.3277052964711924,-0.123213107649052,0.8600006103515625,0.0,0.0,0.0,True
940,107.09299999999348,0.3277052964711924,-0.123213107649052,3.55999755859375,0.0,0.0,0.0,True
941,107.20300000003772,0.3277052964711924,-0.123213107649052,4.67999267578125,0.0,0.0,0.0,True
942,107.32800000003772,0.3277052964711924,-0.123213107649052,4.4399871826171875,0.0,0.0,-0.15,True
943,107.45300000003772,0.3277052964711924,-0.123213107649052,4.269989013671875,0.0,0.0,-0.15,True
944,107.56200000003446,0.3277052964711924,-0.123213107649052,1.989990234375,0.0,0.0,0.0,True
945,107.65600000001723,0.3277052964711924,-0.123213107649052,-0.70001220703125,0.0,0.0,0.0,True
946,107.78100000001723,0.3277052964711924,-0.123213107649052,-0.730010986328125,0.0,0.0,0.0,True
947,107.89000000001397,0.3277052964711924,-0.123213107649052,-0.6200103759765625,0.0,0.0,0.0,True
948,107.98399999999674,0.3277052964711924,-0.123213107649052,-0.6100006103515625,0.0,0.0,0.0,True
949,108.09299999999348,0.3277052964711924,-0.123213107649052,-0.600006103515625,0.0,-0.25,0.0,True
950,108.20300000003772,0.3277052964711924,-0.123213107649052,-0.600006103515625,0.0,-0.25,0.0,True
951,108.32800000003772,0.31547025213373053,-0.12362836264299276,-0.6399993896484375,0.0,-0.25,0.0,True
952,108.42200000002049,0.30442524872904986,-0.12321047715204478,-0.7400054931640625,0.0,-0.25,0.0,True
953,108.53100000001723,0.2936251515096593,-0.12321585871359134,-0.7800140380859375,0.0,-0.25,0.0,True
954,108.64000000001397,0.2819841756710612,-0.12316325924202287,-0.70001220703125,0.0,-0.25,0.0,True
955,108.75,0.27070428246821093,-0.12317038779748782,-0.720001220703125,0.0,-0.25,0.0,True
956,108.875,0.2596605014646829,-0.12290107319126307,-0.7800140380859375,0.0,-0.25,0.0,True
957,108.98399999999674,0.24705756254128355,-0.12273947573360974,-0.8600006103515625,0.0,-0.25,0.0,True
958,109.09299999999348,0.23577758058013118,-0.12277217807562951,-0.8600006103515625,0.0,-0.25,0.0,True
959,109.20300000003772,0.22461420081207437,-0.12260509888921499,-0.95001220703125,0.0,-0.25,0.0,True
960,109.32800000003772,0.20228663372969719,-0.12231551766107215,-1.0800018310546875,0.0,-0.25,0.0,True
961,109.46799999999348,0.19076940347247698,-0.1225270670836808,-1.040008544921875,0.0,-0.25,0.0,True
962,109.56200000003446,0.17948959691036317,-0.12260002435686661,-1.100006103515625,0.0,-0.25,0.0,True
963,109.67200000002049,0.1680885859427267,-0.1226078406384811,-1.0600128173828125,0.0,-0.25,0.0,True
964,109.78100000001723,0.15669010588450433,-0.12274887930041571,-1.010009765625,0.0,-0.25,0.0,True
965,109.89000000001397,0.14529142838893125,-0.12288676859556939,-1.040008544921875,0.0,-0.25,0.0,True
966,110.01500000001397,0.1340065499670504,-0.12268676885429104,-1.100006103515625,0.0,-0.25,0.0,True
967,110.125,0.12296670489944243,-0.12276016622871894,-1.100006103515625,0.0,-0.25,0.0,True
968,110.28100000001723,0.10016669588796313,-0.12292312791463916,-1.1300048828125,0.0,-0.25,0.0,True
969,110.42200000002049,0.07653435331680804,-0.12345050985495161,-1.0300140380859375,0.0,-0.25,0.0,True
970,110.53100000001723,0.06538274293305897,-0.12398777821689257,-0.9600067138671875,0.0,-0.25,0.0,True
971,110.64000000001397,0.053860561794053435,-0.12390149697561495,-0.920013427734375,0.0,-0.25,0.0,True
972,110.75,0.04462794454079911,-0.12439674490282247,-0.910003662109375,0.0,-0.25,0.0,True
973,110.84299999999348,0.04462794454079911,-0.12439674490282247,-0.910003662109375,0.0,-0.25,0.0,True
974,110.98399999999674,0.020020649314183406,-0.12404512970828235,-1.010009765625,0.0,-0.25,0.0,True
975,111.09299999999348,0.008742992967279435,-0.12423329078096958,-0.95001220703125,0.0,-0.25,0.0,True
976,111.21799999999348,-0.002655901907041286,-0.12434410095352061,-0.8600006103515625,0.0,-0.25,0.0,True
977,111.34299999999348,-0.025337370633635652,-0.12436322232712617,-0.920013427734375,0.0,-0.25,0.0,True
978,111.48399999999674,-0.03685287141028924,-0.12468551177435125,-0.9000091552734375,0.0,-0.25,0.0,True
979,111.59299999999348,-0.04897574706904438,-0.12453356886679873,-1.0200042724609375,0.0,0.0,0.0,True
980,111.73399999999674,-0.05786126395674719,-0.12428178162241346,-0.94000244140625,0.0,0.0,0.0,True
981,111.82800000003772,-0.05786126395674719,-0.12428178162241346,-1.170013427734375,0.0,0.0,0.0,True
982,111.95300000003772,-0.05786126395674719,-0.12428178162241346,-1.220001220703125,-0.25,0.0,0.0,True
983,112.06200000003446,-0.05786126395674719,-0.12428178162241346,-1.20001220703125,-0.25,0.0,0.0,True
984,112.17200000002049,-0.058520798268853896,-0.1275964148503667,-0.720001220703125,-0.25,0.0,0.0,True
985,112.29700000002049,-0.05881905011028145,-0.13169347905729475,-1.07000732421875,-0.25,0.0,0.0,True
986,112.42200000002049,-0.05888403176185765,-0.1341720265868984,-1.540008544921875,-0.25,0.0,0.0,True
987,112.53100000001723,-0.05797958337821085,-0.14327550979165357,-2.2400054931640625,-0.25,0.0,0.0,True
988,112.64000000001397,-0.05795106229458118,-0.14668670382463567,-2.45001220703125,-0.25,0.0,0.0,True
989,112.76500000001397,-0.05764627993615622,-0.15495888122482548,-1.9300079345703125,-0.25,0.0,0.0,True
990,112.90600000001723,-0.0577231956371565,-0.16013228947863947,-1.670013427734375,-0.25,0.0,0.0,True
991,113.01500000001397,-0.05828900379359658,-0.16558590116720542,-1.6100006103515625,-0.25,0.0,0.0,True
992,113.125,-0.05851287114815043,-0.1703048171365901,-1.720001220703125,-0.25,0.0,0.0,True
993,113.25,-0.05867038287790003,-0.1800400079992915,-1.9600067138671875,-0.25,0.0,0.0,True
994,113.35899999999674,-0.058716438357706784,-0.1854705845861758,-2.160003662109375,-0.25,0.0,0.0,True
995,113.46799999999348,-0.05827329806129741,-0.1906799594766091,-2.2800140380859375,-0.25,0.0,0.0,True
996,113.57800000003772,-0.05804118274760123,-0.19651644445607366,-2.2700042724609375,0.0,0.0,0.0,True
997,113.68700000003446,-0.05812572762223971,-0.2004170174900913,-2.3100128173828125,0.0,0.0,0.0,True
998,113.79700000002049,-0.05812572762223971,-0.2004170174900913,-2.670013427734375,0.0,0.0,0.0,True
999,113.90600000001723,-0.05812572762223971,-0.2004170174900913,-2.6300048828125,0.0,0.0,0.0,True
1000,114.01500000001397,-0.05812572762223971,-0.2004170174900913,-2.6399993896484375,0.0,0.0,0.0,True
1001,114.14000000001397,-0.05812572762223971,-0.2004170174900913,-2.6399993896484375,0.0,0.0,0.0,True
1002,114.23399999999674,-0.05812572762223971,-0.2004170174900913,-2.6399993896484375,0.0,0.0,0.0,True
1003,114.34299999999348,-0.05812572762223971,-0.2004170174900913,-2.6399993896484375,0.0,0.0,0.0,True
1004,114.45300000003772,-0.05812572762223971,-0.2004170174900913,-2.6399993896484375,0.0,0.0,0.0,True
1005,114.56200000003446,-0.05812572762223971,-0.2004170174900913,-2.6399993896484375,0.0,0.0,0.0,True
1006,114.68700000003446,-0.05812572762223971,-0.2004170174900913,-2.6399993896484375,0.0,0.0,0.0,True
1007,114.79700000002049,-0.05812572762223971,-0.2004170174900913,-2.6300048828125,0.0,0.0,0.0,True
1008,114.90600000001723,-0.05812572762223971,-0.2004170174900913,-2.6300048828125,0.0,0.0,0.0,True
1009,115.04700000002049,-0.05812572762223971,-0.2004170174900913,-2.6300048828125,0.0,0.0,0.0,True
1010,115.21799999999348,-0.05812572762223971,-0.2004170174900913,-2.6399993896484375,0.0,0.0,0.0,True
1011,115.31200000003446,-0.05812572762223971,-0.2004170174900913,-2.6300048828125,0.0,0.0,0.0,True
1012,115.46799999999348,-0.05812572762223971,-0.2004170174900913,-2.6300048828125,0.0,0.0,0.0,True
1013,115.625,-0.05812572762223971,-0.2004170174900913,-2.6300048828125,0.0,0.0,0.0,True
1014,115.76500000001397,-0.05812572762223971,-0.2004170174900913,-2.6300048828125,0.0,0.0,0.15,True
1015,115.96799999999348,-0.05812572762223971,-0.2004170174900913,-1.8100128173828125,0.0,0.0,0.0,True
1016,116.07800000003772,-0.05812572762223971,-0.2004170174900913,0.6999969482421875,0.0,0.0,0.0,True
1017,116.20300000003772,-0.05812572762223971,-0.2004170174900913,1.4499969482421875,0.0,0.0,0.0,True
1018,116.32800000003772,-0.05812572762223971,-0.2004170174900913,1.4199981689453125,0.0,0.0,0.0,True
1019,116.45300000003772,-0.05812572762223971,-0.2004170174900913,1.4199981689453125,0.0,0.0,0.0,True
1020,116.57800000003772,-0.05812572762223971,-0.2004170174900913,1.4199981689453125,0.0,0.0,0.0,True
1021,116.68700000003446,-0.05812572762223971,-0.2004170174900913,1.4199981689453125,0.0,0.0,0.0,True
1022,116.79700000002049,-0.05812572762223971,-0.2004170174900913,1.4199981689453125,0.0,0.0,0.0,True
1023,116.90600000001723,-0.05812572762223971,-0.2004170174900913,1.4199981689453125,0.0,0.0,0.0,True
1024,117.03100000001723,-0.05812572762223971,-0.2004170174900913,1.42999267578125,0.0,0.0,0.0,True
1025,117.14000000001397,-0.05812572762223971,-0.2004170174900913,1.4199981689453125,0.0,0.0,0.0,True
1026,117.26500000001397,-0.05812572762223971,-0.2004170174900913,1.4199981689453125,0.0,0.0,0.0,True
1027,117.39000000001397,-0.05812572762223971,-0.2004170174900913,1.4199981689453125,0.0,0.0,0.0,True
1028,117.51500000001397,-0.05812572762223971,-0.2004170174900913,1.4199981689453125,0.0,0.0,0.0,True
1029,117.625,-0.05812572762223971,-0.2004170174900913,1.4199981689453125,0.0,0.0,0.0,True
1030,117.73399999999674,-0.05812572762223971,-0.2004170174900913,1.4199981689453125,0.0,0.0,0.0,True
1031,117.85899999999674,-0.05812572762223971,-0.2004170174900913,1.42999267578125,0.0,0.0,0.0,True
1032,117.96799999999348,-0.05812572762223971,-0.2004170174900913,1.42999267578125,0.0,0.0,0.0,True
1033,118.07800000003772,-0.05812572762223971,-0.2004170174900913,1.42999267578125,0.0,0.0,0.0,True
1034,118.20300000003772,-0.05812572762223971,-0.2004170174900913,1.42999267578125,0.0,0.0,0.0,True
1035,118.32800000003772,-0.05812572762223971,-0.2004170174900913,1.4199981689453125,0.0,0.0,0.0,True
1036,118.43700000003446,-0.05812572762223971,-0.2004170174900913,1.42999267578125,0.0,0.0,0.0,True
1037,118.59299999999348,-0.05812572762223971,-0.2004170174900913,1.42999267578125,0.0,0.0,0.0,True
1038,118.73399999999674,-0.05812572762223971,-0.2004170174900913,1.42999267578125,0.0,0.0,0.0,True
1039,118.82800000003772,-0.05812572762223971,-0.2004170174900913,1.4399871826171875,0.0,0.0,0.0,True
1040,118.93700000003446,-0.05812572762223971,-0.2004170174900913,1.42999267578125,0.0,0.0,0.0,True
